date,tenor,yield_pct
2025-01-02,10Y,4.57
2025-01-02,1M,4.45
2025-01-02,1Y,4.17
2025-01-02,20Y,4.86
2025-01-02,2M,4.36
2025-01-02,2Y,4.25
2025-01-02,30Y,4.79
2025-01-02,3M,4.36
2025-01-02,3Y,4.29
2025-01-02,4M,4.31
2025-01-02,5Y,4.38
2025-01-02,6M,4.25
2025-01-02,7Y,4.47
2025-01-03,10Y,4.60
2025-01-03,1M,4.44
2025-01-03,1Y,4.18
2025-01-03,20Y,4.88
2025-01-03,2M,4.35
2025-01-03,2Y,4.28
2025-01-03,30Y,4.82
2025-01-03,3M,4.34
2025-01-03,3Y,4.32
2025-01-03,4M,4.31
2025-01-03,5Y,4.41
2025-01-03,6M,4.25
2025-01-03,7Y,4.51
2025-01-06,10Y,4.62
2025-01-06,1M,4.43
2025-01-06,1Y,4.17
2025-01-06,20Y,4.91
2025-01-06,2M,4.36
2025-01-06,2Y,4.28
2025-01-06,30Y,4.85
2025-01-06,3M,4.35
2025-01-06,3Y,4.30
2025-01-06,4M,4.31
2025-01-06,5Y,4.42
2025-01-06,6M,4.24
2025-01-06,7Y,4.52
2025-01-07,10Y,4.67
2025-01-07,1M,4.42
2025-01-07,1Y,4.19
2025-01-07,20Y,4.97
2025-01-07,2M,4.35
2025-01-07,2Y,4.30
2025-01-07,30Y,4.91
2025-01-07,3M,4.35
2025-01-07,3Y,4.33
2025-01-07,4M,4.31
2025-01-07,5Y,4.46
2025-01-07,6M,4.24
2025-01-07,7Y,4.57
2025-01-08,10Y,4.67
2025-01-08,1M,4.41
2025-01-08,1Y,4.19
2025-01-08,20Y,4.97
2025-01-08,2M,4.34
2025-01-08,2Y,4.28
2025-01-08,30Y,4.91
2025-01-08,3M,4.35
2025-01-08,3Y,4.31
2025-01-08,4M,4.31
2025-01-08,5Y,4.45
2025-01-08,6M,4.25
2025-01-08,7Y,4.56
2025-01-09,10Y,4.68
2025-01-09,1M,4.44
2025-01-09,1Y,4.16
2025-01-09,20Y,4.98
2025-01-09,2M,4.36
2025-01-09,2Y,4.27
2025-01-09,30Y,4.92
2025-01-09,3M,4.35
2025-01-09,3Y,4.31
2025-01-09,4M,4.31
2025-01-09,5Y,4.46
2025-01-09,6M,4.24
2025-01-09,7Y,4.57
2025-01-10,10Y,4.77
2025-01-10,1M,4.42
2025-01-10,1Y,4.25
2025-01-10,20Y,5.04
2025-01-10,2M,4.35
2025-01-10,2Y,4.40
2025-01-10,30Y,4.96
2025-01-10,3M,4.36
2025-01-10,3Y,4.46
2025-01-10,4M,4.33
2025-01-10,5Y,4.59
2025-01-10,6M,4.27
2025-01-10,7Y,4.70
2025-01-13,10Y,4.79
2025-01-13,1M,4.42
2025-01-13,1Y,4.24
2025-01-13,20Y,5.05
2025-01-13,2M,4.36
2025-01-13,2Y,4.40
2025-01-13,30Y,4.97
2025-01-13,3M,4.37
2025-01-13,3Y,4.49
2025-01-13,4M,4.34
2025-01-13,5Y,4.61
2025-01-13,6M,4.30
2025-01-13,7Y,4.71
2025-01-14,10Y,4.78
2025-01-14,1M,4.42
2025-01-14,1Y,4.22
2025-01-14,20Y,5.06
2025-01-14,2M,4.35
2025-01-14,2Y,4.37
2025-01-14,30Y,4.98
2025-01-14,3M,4.36
2025-01-14,3Y,4.46
2025-01-14,4M,4.33
2025-01-14,5Y,4.59
2025-01-14,6M,4.29
2025-01-14,7Y,4.70
2025-01-15,10Y,4.66
2025-01-15,1M,4.40
2025-01-15,1Y,4.19
2025-01-15,20Y,4.95
2025-01-15,2M,4.34
2025-01-15,2Y,4.27
2025-01-15,30Y,4.88
2025-01-15,3M,4.35
2025-01-15,3Y,4.34
2025-01-15,4M,4.32
2025-01-15,5Y,4.45
2025-01-15,6M,4.26
2025-01-15,7Y,4.55
2025-01-16,10Y,4.61
2025-01-16,1M,4.43
2025-01-16,1Y,4.18
2025-01-16,20Y,4.91
2025-01-16,2M,4.36
2025-01-16,2Y,4.23
2025-01-16,30Y,4.84
2025-01-16,3M,4.34
2025-01-16,3Y,4.29
2025-01-16,4M,4.32
2025-01-16,5Y,4.39
2025-01-16,6M,4.26
2025-01-16,7Y,4.50
2025-01-17,10Y,4.61
2025-01-17,1M,4.43
2025-01-17,1Y,4.21
2025-01-17,20Y,4.91
2025-01-17,2M,4.35
2025-01-17,2Y,4.27
2025-01-17,30Y,4.84
2025-01-17,3M,4.34
2025-01-17,3Y,4.33
2025-01-17,4M,4.32
2025-01-17,5Y,4.42
2025-01-17,6M,4.28
2025-01-17,7Y,4.52
2025-01-21,10Y,4.57
2025-01-21,1M,4.42
2025-01-21,1Y,4.21
2025-01-21,20Y,4.87
2025-01-21,2M,4.35
2025-01-21,2Y,4.29
2025-01-21,30Y,4.80
2025-01-21,3M,4.36
2025-01-21,3Y,4.33
2025-01-21,4M,4.33
2025-01-21,5Y,4.40
2025-01-21,6M,4.28
2025-01-21,7Y,4.49
2025-01-22,10Y,4.60
2025-01-22,1M,4.42
2025-01-22,1Y,4.20
2025-01-22,20Y,4.89
2025-01-22,2M,4.35
2025-01-22,2Y,4.29
2025-01-22,30Y,4.82
2025-01-22,3M,4.36
2025-01-22,3Y,4.34
2025-01-22,4M,4.32
2025-01-22,5Y,4.43
2025-01-22,6M,4.28
2025-01-22,7Y,4.51
2025-01-23,10Y,4.65
2025-01-23,1M,4.45
2025-01-23,1Y,4.18
2025-01-23,20Y,4.92
2025-01-23,2M,4.36
2025-01-23,2Y,4.29
2025-01-23,30Y,4.87
2025-01-23,3M,4.36
2025-01-23,3Y,4.35
2025-01-23,4M,4.32
2025-01-23,5Y,4.45
2025-01-23,6M,4.27
2025-01-23,7Y,4.55
2025-01-24,10Y,4.63
2025-01-24,1M,4.45
2025-01-24,1Y,4.17
2025-01-24,20Y,4.91
2025-01-24,2M,4.36
2025-01-24,2Y,4.27
2025-01-24,30Y,4.85
2025-01-24,3M,4.35
2025-01-24,3Y,4.33
2025-01-24,4M,4.32
2025-01-24,5Y,4.43
2025-01-24,6M,4.25
2025-01-24,7Y,4.53
2025-01-27,10Y,4.53
2025-01-27,1M,4.44
2025-01-27,1Y,4.13
2025-01-27,20Y,4.82
2025-01-27,2M,4.36
2025-01-27,2Y,4.17
2025-01-27,30Y,4.76
2025-01-27,3M,4.32
2025-01-27,3Y,4.24
2025-01-27,4M,4.30
2025-01-27,5Y,4.32
2025-01-27,6M,4.25
2025-01-27,7Y,4.43
2025-01-28,10Y,4.55
2025-01-28,1M,4.44
2025-01-28,1Y,4.14
2025-01-28,20Y,4.84
2025-01-28,2M,4.35
2025-01-28,2Y,4.19
2025-01-28,30Y,4.78
2025-01-28,3M,4.31
2025-01-28,3Y,4.25
2025-01-28,4M,4.30
2025-01-28,5Y,4.33
2025-01-28,6M,4.26
2025-01-28,7Y,4.43
2025-01-29,10Y,4.55
2025-01-29,1M,4.43
2025-01-29,1Y,4.17
2025-01-29,20Y,4.85
2025-01-29,2M,4.34
2025-01-29,2Y,4.21
2025-01-29,30Y,4.79
2025-01-29,3M,4.31
2025-01-29,3Y,4.27
2025-01-29,4M,4.34
2025-01-29,5Y,4.35
2025-01-29,6M,4.27
2025-01-29,7Y,4.44
2025-01-30,10Y,4.52
2025-01-30,1M,4.37
2025-01-30,1Y,4.16
2025-01-30,20Y,4.81
2025-01-30,2M,4.38
2025-01-30,2Y,4.18
2025-01-30,30Y,4.76
2025-01-30,3M,4.30
2025-01-30,3Y,4.24
2025-01-30,4M,4.33
2025-01-30,5Y,4.31
2025-01-30,6M,4.27
2025-01-30,7Y,4.41
2025-01-31,10Y,4.58
2025-01-31,1M,4.37
2025-01-31,1Y,4.17
2025-01-31,20Y,4.88
2025-01-31,2M,4.37
2025-01-31,2Y,4.22
2025-01-31,30Y,4.83
2025-01-31,3M,4.31
2025-01-31,3Y,4.27
2025-01-31,4M,4.33
2025-01-31,5Y,4.36
2025-01-31,6M,4.28
2025-01-31,7Y,4.47
2025-02-03,10Y,4.54
2025-02-03,1M,4.37
2025-02-03,1Y,4.20
2025-02-03,20Y,4.82
2025-02-03,2M,4.38
2025-02-03,2Y,4.26
2025-02-03,30Y,4.77
2025-02-03,3M,4.34
2025-02-03,3Y,4.28
2025-02-03,4M,4.35
2025-02-03,5Y,4.35
2025-02-03,6M,4.28
2025-02-03,7Y,4.45
2025-02-04,10Y,4.52
2025-02-04,1M,4.36
2025-02-04,1Y,4.18
2025-02-04,20Y,4.81
2025-02-04,2M,4.38
2025-02-04,2Y,4.21
2025-02-04,30Y,4.75
2025-02-04,3M,4.33
2025-02-04,3Y,4.25
2025-02-04,4M,4.35
2025-02-04,5Y,4.31
2025-02-04,6M,4.27
2025-02-04,7Y,4.42
2025-02-05,10Y,4.43
2025-02-05,1M,4.35
2025-02-05,1Y,4.17
2025-02-05,20Y,4.69
2025-02-05,2M,4.37
2025-02-05,2Y,4.17
2025-02-05,30Y,4.64
2025-02-05,3M,4.33
2025-02-05,3Y,4.19
2025-02-05,4M,4.35
2025-02-05,5Y,4.24
2025-02-05,6M,4.27
2025-02-05,7Y,4.33
2025-02-06,10Y,4.45
2025-02-06,1M,4.37
2025-02-06,1Y,4.19
2025-02-06,20Y,4.70
2025-02-06,2M,4.38
2025-02-06,2Y,4.21
2025-02-06,30Y,4.65
2025-02-06,3M,4.34
2025-02-06,3Y,4.23
2025-02-06,4M,4.36
2025-02-06,5Y,4.28
2025-02-06,6M,4.28
2025-02-06,7Y,4.36
2025-02-07,10Y,4.49
2025-02-07,1M,4.37
2025-02-07,1Y,4.25
2025-02-07,20Y,4.75
2025-02-07,2M,4.38
2025-02-07,2Y,4.29
2025-02-07,30Y,4.69
2025-02-07,3M,4.35
2025-02-07,3Y,4.31
2025-02-07,4M,4.37
2025-02-07,5Y,4.34
2025-02-07,6M,4.30
2025-02-07,7Y,4.42
2025-02-10,10Y,4.51
2025-02-10,1M,4.38
2025-02-10,1Y,4.24
2025-02-10,20Y,4.76
2025-02-10,2M,4.40
2025-02-10,2Y,4.28
2025-02-10,30Y,4.71
2025-02-10,3M,4.35
2025-02-10,3Y,4.30
2025-02-10,4M,4.37
2025-02-10,5Y,4.34
2025-02-10,6M,4.31
2025-02-10,7Y,4.42
2025-02-11,10Y,4.54
2025-02-11,1M,4.38
2025-02-11,1Y,4.25
2025-02-11,20Y,4.80
2025-02-11,2M,4.40
2025-02-11,2Y,4.29
2025-02-11,30Y,4.75
2025-02-11,3M,4.35
2025-02-11,3Y,4.28
2025-02-11,4M,4.37
2025-02-11,5Y,4.37
2025-02-11,6M,4.31
2025-02-11,7Y,4.45
2025-02-12,10Y,4.62
2025-02-12,1M,4.38
2025-02-12,1Y,4.30
2025-02-12,20Y,4.90
2025-02-12,2M,4.39
2025-02-12,2Y,4.36
2025-02-12,30Y,4.83
2025-02-12,3M,4.35
2025-02-12,3Y,4.37
2025-02-12,4M,4.36
2025-02-12,5Y,4.48
2025-02-12,6M,4.33
2025-02-12,7Y,4.56
2025-02-13,10Y,4.52
2025-02-13,1M,4.37
2025-02-13,1Y,4.27
2025-02-13,20Y,4.79
2025-02-13,2M,4.39
2025-02-13,2Y,4.31
2025-02-13,30Y,4.72
2025-02-13,3M,4.34
2025-02-13,3Y,4.31
2025-02-13,4M,4.35
2025-02-13,5Y,4.39
2025-02-13,6M,4.33
2025-02-13,7Y,4.46
2025-02-14,10Y,4.47
2025-02-14,1M,4.37
2025-02-14,1Y,4.23
2025-02-14,20Y,4.75
2025-02-14,2M,4.38
2025-02-14,2Y,4.26
2025-02-14,30Y,4.69
2025-02-14,3M,4.34
2025-02-14,3Y,4.26
2025-02-14,4M,4.35
2025-02-14,5Y,4.33
2025-02-14,6M,4.32
2025-02-14,7Y,4.41
2025-02-18,1.5M,4.41
2025-02-18,10Y,4.55
2025-02-18,1M,4.38
2025-02-18,1Y,4.24
2025-02-18,20Y,4.83
2025-02-18,2M,4.38
2025-02-18,2Y,4.29
2025-02-18,30Y,4.77
2025-02-18,3M,4.34
2025-02-18,3Y,4.33
2025-02-18,4M,4.37
2025-02-18,5Y,4.40
2025-02-18,6M,4.34
2025-02-18,7Y,4.48
2025-02-19,1.5M,4.42
2025-02-19,10Y,4.53
2025-02-19,1M,4.38
2025-02-19,1Y,4.22
2025-02-19,20Y,4.79
2025-02-19,2M,4.38
2025-02-19,2Y,4.28
2025-02-19,30Y,4.76
2025-02-19,3M,4.34
2025-02-19,3Y,4.30
2025-02-19,4M,4.35
2025-02-19,5Y,4.37
2025-02-19,6M,4.34
2025-02-19,7Y,4.46
2025-02-20,1.5M,4.40
2025-02-20,10Y,4.50
2025-02-20,1M,4.37
2025-02-20,1Y,4.20
2025-02-20,20Y,4.77
2025-02-20,2M,4.38
2025-02-20,2Y,4.28
2025-02-20,30Y,4.74
2025-02-20,3M,4.33
2025-02-20,3Y,4.27
2025-02-20,4M,4.35
2025-02-20,5Y,4.34
2025-02-20,6M,4.33
2025-02-20,7Y,4.43
2025-02-21,1.5M,4.39
2025-02-21,10Y,4.42
2025-02-21,1M,4.36
2025-02-21,1Y,4.15
2025-02-21,20Y,4.69
2025-02-21,2M,4.38
2025-02-21,2Y,4.19
2025-02-21,30Y,4.67
2025-02-21,3M,4.32
2025-02-21,3Y,4.19
2025-02-21,4M,4.34
2025-02-21,5Y,4.26
2025-02-21,6M,4.30
2025-02-21,7Y,4.35
2025-02-24,1.5M,4.38
2025-02-24,10Y,4.40
2025-02-24,1M,4.36
2025-02-24,1Y,4.15
2025-02-24,20Y,4.69
2025-02-24,2M,4.37
2025-02-24,2Y,4.13
2025-02-24,30Y,4.66
2025-02-24,3M,4.31
2025-02-24,3Y,4.17
2025-02-24,4M,4.34
2025-02-24,5Y,4.23
2025-02-24,6M,4.30
2025-02-24,7Y,4.32
2025-02-25,1.5M,4.37
2025-02-25,10Y,4.30
2025-02-25,1M,4.34
2025-02-25,1Y,4.12
2025-02-25,20Y,4.59
2025-02-25,2M,4.37
2025-02-25,2Y,4.07
2025-02-25,30Y,4.55
2025-02-25,3M,4.30
2025-02-25,3Y,4.08
2025-02-25,4M,4.33
2025-02-25,5Y,4.12
2025-02-25,6M,4.28
2025-02-25,7Y,4.21
2025-02-26,1.5M,4.38
2025-02-26,10Y,4.25
2025-02-26,1M,4.35
2025-02-26,1Y,4.12
2025-02-26,20Y,4.55
2025-02-26,2M,4.37
2025-02-26,2Y,4.05
2025-02-26,30Y,4.51
2025-02-26,3M,4.31
2025-02-26,3Y,4.04
2025-02-26,4M,4.32
2025-02-26,5Y,4.06
2025-02-26,6M,4.28
2025-02-26,7Y,4.16
2025-02-27,1.5M,4.38
2025-02-27,10Y,4.29
2025-02-27,1M,4.38
2025-02-27,1Y,4.13
2025-02-27,20Y,4.59
2025-02-27,2M,4.38
2025-02-27,2Y,4.07
2025-02-27,30Y,4.56
2025-02-27,3M,4.32
2025-02-27,3Y,4.05
2025-02-27,4M,4.32
2025-02-27,5Y,4.09
2025-02-27,6M,4.28
2025-02-27,7Y,4.19
2025-02-28,1.5M,4.37
2025-02-28,10Y,4.24
2025-02-28,1M,4.38
2025-02-28,1Y,4.08
2025-02-28,20Y,4.55
2025-02-28,2M,4.38
2025-02-28,2Y,3.99
2025-02-28,30Y,4.51
2025-02-28,3M,4.32
2025-02-28,3Y,3.99
2025-02-28,4M,4.32
2025-02-28,5Y,4.03
2025-02-28,6M,4.25
2025-02-28,7Y,4.14
2025-03-03,1.5M,4.38
2025-03-03,10Y,4.16
2025-03-03,1M,4.38
2025-03-03,1Y,4.06
2025-03-03,20Y,4.49
2025-03-03,2M,4.37
2025-03-03,2Y,3.96
2025-03-03,30Y,4.45
2025-03-03,3M,4.35
2025-03-03,3Y,3.93
2025-03-03,4M,4.31
2025-03-03,5Y,3.97
2025-03-03,6M,4.31
2025-03-03,7Y,4.06
2025-03-04,1.5M,4.38
2025-03-04,10Y,4.22
2025-03-04,1M,4.39
2025-03-04,1Y,4.04
2025-03-04,20Y,4.56
2025-03-04,2M,4.37
2025-03-04,2Y,3.96
2025-03-04,30Y,4.53
2025-03-04,3M,4.34
2025-03-04,3Y,3.94
2025-03-04,4M,4.31
2025-03-04,5Y,4.01
2025-03-04,6M,4.28
2025-03-04,7Y,4.11
2025-03-05,1.5M,4.38
2025-03-05,10Y,4.28
2025-03-05,1M,4.38
2025-03-05,1Y,4.06
2025-03-05,20Y,4.61
2025-03-05,2M,4.36
2025-03-05,2Y,3.99
2025-03-05,30Y,4.57
2025-03-05,3M,4.35
2025-03-05,3Y,4.01
2025-03-05,4M,4.30
2025-03-05,5Y,4.08
2025-03-05,6M,4.30
2025-03-05,7Y,4.18
2025-03-06,1.5M,4.37
2025-03-06,10Y,4.29
2025-03-06,1M,4.38
2025-03-06,1Y,4.02
2025-03-06,20Y,4.63
2025-03-06,2M,4.34
2025-03-06,2Y,3.96
2025-03-06,30Y,4.58
2025-03-06,3M,4.34
2025-03-06,3Y,3.98
2025-03-06,4M,4.28
2025-03-06,5Y,4.06
2025-03-06,6M,4.27
2025-03-06,7Y,4.18
2025-03-07,1.5M,4.36
2025-03-07,10Y,4.32
2025-03-07,1M,4.38
2025-03-07,1Y,4.05
2025-03-07,20Y,4.66
2025-03-07,2M,4.33
2025-03-07,2Y,3.99
2025-03-07,30Y,4.62
2025-03-07,3M,4.34
2025-03-07,3Y,4.01
2025-03-07,4M,4.29
2025-03-07,5Y,4.09
2025-03-07,6M,4.29
2025-03-07,7Y,4.21
2025-03-10,1.5M,4.35
2025-03-10,10Y,4.22
2025-03-10,1M,4.37
2025-03-10,1Y,3.98
2025-03-10,20Y,4.58
2025-03-10,2M,4.34
2025-03-10,2Y,3.89
2025-03-10,30Y,4.54
2025-03-10,3M,4.33
2025-03-10,3Y,3.91
2025-03-10,4M,4.28
2025-03-10,5Y,3.98
2025-03-10,6M,4.25
2025-03-10,7Y,4.10
2025-03-11,1.5M,4.37
2025-03-11,10Y,4.28
2025-03-11,1M,4.37
2025-03-11,1Y,4.03
2025-03-11,20Y,4.63
2025-03-11,2M,4.33
2025-03-11,2Y,3.94
2025-03-11,30Y,4.59
2025-03-11,3M,4.34
2025-03-11,3Y,3.92
2025-03-11,4M,4.28
2025-03-11,5Y,4.03
2025-03-11,6M,4.26
2025-03-11,7Y,4.16
2025-03-12,1.5M,4.36
2025-03-12,10Y,4.32
2025-03-12,1M,4.36
2025-03-12,1Y,4.07
2025-03-12,20Y,4.67
2025-03-12,2M,4.34
2025-03-12,2Y,4.01
2025-03-12,30Y,4.63
2025-03-12,3M,4.35
2025-03-12,3Y,3.98
2025-03-12,4M,4.30
2025-03-12,5Y,4.09
2025-03-12,6M,4.27
2025-03-12,7Y,4.20
2025-03-13,1.5M,4.37
2025-03-13,10Y,4.27
2025-03-13,1M,4.37
2025-03-13,1Y,4.03
2025-03-13,20Y,4.63
2025-03-13,2M,4.34
2025-03-13,2Y,3.94
2025-03-13,30Y,4.59
2025-03-13,3M,4.34
2025-03-13,3Y,3.93
2025-03-13,4M,4.28
2025-03-13,5Y,4.02
2025-03-13,6M,4.27
2025-03-13,7Y,4.15
2025-03-14,1.5M,4.36
2025-03-14,10Y,4.31
2025-03-14,1M,4.37
2025-03-14,1Y,4.09
2025-03-14,20Y,4.65
2025-03-14,2M,4.33
2025-03-14,2Y,4.02
2025-03-14,30Y,4.62
2025-03-14,3M,4.33
2025-03-14,3Y,4.00
2025-03-14,4M,4.30
2025-03-14,5Y,4.09
2025-03-14,6M,4.29
2025-03-14,7Y,4.20
2025-03-17,1.5M,4.35
2025-03-17,10Y,4.31
2025-03-17,1M,4.37
2025-03-17,1Y,4.11
2025-03-17,20Y,4.64
2025-03-17,2M,4.33
2025-03-17,2Y,4.06
2025-03-17,30Y,4.60
2025-03-17,3M,4.34
2025-03-17,3Y,4.03
2025-03-17,4M,4.30
2025-03-17,5Y,4.11
2025-03-17,6M,4.29
2025-03-17,7Y,4.21
2025-03-18,1.5M,4.35
2025-03-18,10Y,4.29
2025-03-18,1M,4.37
2025-03-18,1Y,4.13
2025-03-18,20Y,4.61
2025-03-18,2M,4.33
2025-03-18,2Y,4.04
2025-03-18,30Y,4.58
2025-03-18,3M,4.34
2025-03-18,3Y,4.01
2025-03-18,4M,4.29
2025-03-18,5Y,4.07
2025-03-18,6M,4.29
2025-03-18,7Y,4.18
2025-03-19,1.5M,4.34
2025-03-19,10Y,4.25
2025-03-19,1M,4.37
2025-03-19,1Y,4.10
2025-03-19,20Y,4.58
2025-03-19,2M,4.32
2025-03-19,2Y,3.99
2025-03-19,30Y,4.56
2025-03-19,3M,4.33
2025-03-19,3Y,3.95
2025-03-19,4M,4.30
2025-03-19,5Y,4.03
2025-03-19,6M,4.29
2025-03-19,7Y,4.14
2025-03-20,1.5M,4.34
2025-03-20,10Y,4.24
2025-03-20,1M,4.36
2025-03-20,1Y,4.06
2025-03-20,20Y,4.57
2025-03-20,2M,4.34
2025-03-20,2Y,3.95
2025-03-20,30Y,4.55
2025-03-20,3M,4.33
2025-03-20,3Y,3.93
2025-03-20,4M,4.29
2025-03-20,5Y,4.01
2025-03-20,6M,4.27
2025-03-20,7Y,4.12
2025-03-21,1.5M,4.33
2025-03-21,10Y,4.25
2025-03-21,1M,4.36
2025-03-21,1Y,4.04
2025-03-21,20Y,4.60
2025-03-21,2M,4.33
2025-03-21,2Y,3.94
2025-03-21,30Y,4.59
2025-03-21,3M,4.33
2025-03-21,3Y,3.92
2025-03-21,4M,4.29
2025-03-21,5Y,4.00
2025-03-21,6M,4.26
2025-03-21,7Y,4.12
2025-03-24,1.5M,4.34
2025-03-24,10Y,4.34
2025-03-24,1M,4.35
2025-03-24,1Y,4.11
2025-03-24,20Y,4.68
2025-03-24,2M,4.34
2025-03-24,2Y,4.04
2025-03-24,30Y,4.66
2025-03-24,3M,4.33
2025-03-24,3Y,4.01
2025-03-24,4M,4.30
2025-03-24,5Y,4.09
2025-03-24,6M,4.27
2025-03-24,7Y,4.22
2025-03-25,1.5M,4.34
2025-03-25,10Y,4.31
2025-03-25,1M,4.36
2025-03-25,1Y,4.09
2025-03-25,20Y,4.67
2025-03-25,2M,4.33
2025-03-25,2Y,3.96
2025-03-25,30Y,4.65
2025-03-25,3M,4.33
2025-03-25,3Y,3.98
2025-03-25,4M,4.30
2025-03-25,5Y,4.07
2025-03-25,6M,4.26
2025-03-25,7Y,4.19
2025-03-26,1.5M,4.34
2025-03-26,10Y,4.35
2025-03-26,1M,4.36
2025-03-26,1Y,4.10
2025-03-26,20Y,4.71
2025-03-26,2M,4.33
2025-03-26,2Y,3.98
2025-03-26,30Y,4.69
2025-03-26,3M,4.33
2025-03-26,3Y,4.01
2025-03-26,4M,4.31
2025-03-26,5Y,4.08
2025-03-26,6M,4.26
2025-03-26,7Y,4.22
2025-03-27,1.5M,4.35
2025-03-27,10Y,4.38
2025-03-27,1M,4.37
2025-03-27,1Y,4.10
2025-03-27,20Y,4.75
2025-03-27,2M,4.36
2025-03-27,2Y,3.97
2025-03-27,30Y,4.73
2025-03-27,3M,4.33
2025-03-27,3Y,4.00
2025-03-27,4M,4.31
2025-03-27,5Y,4.09
2025-03-27,6M,4.27
2025-03-27,7Y,4.23
2025-03-28,1.5M,4.35
2025-03-28,10Y,4.27
2025-03-28,1M,4.38
2025-03-28,1Y,4.04
2025-03-28,20Y,4.65
2025-03-28,2M,4.35
2025-03-28,2Y,3.89
2025-03-28,30Y,4.64
2025-03-28,3M,4.33
2025-03-28,3Y,3.91
2025-03-28,4M,4.30
2025-03-28,5Y,3.98
2025-03-28,6M,4.26
2025-03-28,7Y,4.11
2025-03-31,1.5M,4.36
2025-03-31,10Y,4.23
2025-03-31,1M,4.38
2025-03-31,1Y,4.03
2025-03-31,20Y,4.62
2025-03-31,2M,4.35
2025-03-31,2Y,3.89
2025-03-31,30Y,4.59
2025-03-31,3M,4.32
2025-03-31,3Y,3.89
2025-03-31,4M,4.31
2025-03-31,5Y,3.96
2025-03-31,6M,4.23
2025-03-31,7Y,4.09
2025-04-01,1.5M,4.36
2025-04-01,10Y,4.17
2025-04-01,1M,4.38
2025-04-01,1Y,4.01
2025-04-01,20Y,4.56
2025-04-01,2M,4.35
2025-04-01,2Y,3.87
2025-04-01,30Y,4.52
2025-04-01,3M,4.32
2025-04-01,3Y,3.85
2025-04-01,4M,4.30
2025-04-01,5Y,3.91
2025-04-01,6M,4.23
2025-04-01,7Y,4.03
2025-04-02,1.5M,4.36
2025-04-02,10Y,4.20
2025-04-02,1M,4.38
2025-04-02,1Y,4.04
2025-04-02,20Y,4.58
2025-04-02,2M,4.34
2025-04-02,2Y,3.91
2025-04-02,30Y,4.54
2025-04-02,3M,4.32
2025-04-02,3Y,3.89
2025-04-02,4M,4.32
2025-04-02,5Y,3.95
2025-04-02,6M,4.24
2025-04-02,7Y,4.07
2025-04-03,1.5M,4.37
2025-04-03,10Y,4.06
2025-04-03,1M,4.36
2025-04-03,1Y,3.92
2025-04-03,20Y,4.51
2025-04-03,2M,4.38
2025-04-03,2Y,3.71
2025-04-03,30Y,4.49
2025-04-03,3M,4.31
2025-04-03,3Y,3.68
2025-04-03,4M,4.29
2025-04-03,5Y,3.75
2025-04-03,6M,4.20
2025-04-03,7Y,3.88
2025-04-04,1.5M,4.35
2025-04-04,10Y,4.01
2025-04-04,1M,4.36
2025-04-04,1Y,3.86
2025-04-04,20Y,4.44
2025-04-04,2M,4.36
2025-04-04,2Y,3.68
2025-04-04,30Y,4.41
2025-04-04,3M,4.28
2025-04-04,3Y,3.66
2025-04-04,4M,4.25
2025-04-04,5Y,3.72
2025-04-04,6M,4.14
2025-04-04,7Y,3.84
2025-04-07,1.5M,4.36
2025-04-07,10Y,4.15
2025-04-07,1M,4.36
2025-04-07,1Y,3.86
2025-04-07,20Y,4.61
2025-04-07,2M,4.36
2025-04-07,2Y,3.73
2025-04-07,30Y,4.58
2025-04-07,3M,4.29
2025-04-07,3Y,3.72
2025-04-07,4M,4.28
2025-04-07,5Y,3.82
2025-04-07,6M,4.14
2025-04-07,7Y,3.97
2025-04-08,1.5M,4.39
2025-04-08,10Y,4.26
2025-04-08,1M,4.36
2025-04-08,1Y,3.83
2025-04-08,20Y,4.76
2025-04-08,2M,4.37
2025-04-08,2Y,3.71
2025-04-08,30Y,4.71
2025-04-08,3M,4.31
2025-04-08,3Y,3.71
2025-04-08,4M,4.30
2025-04-08,5Y,3.88
2025-04-08,6M,4.14
2025-04-08,7Y,4.05
2025-04-09,1.5M,4.38
2025-04-09,10Y,4.34
2025-04-09,1M,4.36
2025-04-09,1Y,4.03
2025-04-09,20Y,4.78
2025-04-09,2M,4.37
2025-04-09,2Y,3.91
2025-04-09,30Y,4.72
2025-04-09,3M,4.35
2025-04-09,3Y,3.91
2025-04-09,4M,4.36
2025-04-09,5Y,4.06
2025-04-09,6M,4.23
2025-04-09,7Y,4.20
2025-04-10,1.5M,4.36
2025-04-10,10Y,4.40
2025-04-10,1M,4.36
2025-04-10,1Y,3.97
2025-04-10,20Y,4.90
2025-04-10,2M,4.39
2025-04-10,2Y,3.84
2025-04-10,30Y,4.86
2025-04-10,3M,4.34
2025-04-10,3Y,3.85
2025-04-10,4M,4.33
2025-04-10,5Y,4.04
2025-04-10,6M,4.17
2025-04-10,7Y,4.21
2025-04-11,1.5M,4.35
2025-04-11,10Y,4.48
2025-04-11,1M,4.37
2025-04-11,1Y,4.04
2025-04-11,20Y,4.91
2025-04-11,2M,4.38
2025-04-11,2Y,3.96
2025-04-11,30Y,4.85
2025-04-11,3M,4.34
2025-04-11,3Y,3.98
2025-04-11,4M,4.35
2025-04-11,5Y,4.15
2025-04-11,6M,4.21
2025-04-11,7Y,4.32
2025-04-14,1.5M,4.36
2025-04-14,10Y,4.38
2025-04-14,1M,4.34
2025-04-14,1Y,3.99
2025-04-14,20Y,4.84
2025-04-14,2M,4.37
2025-04-14,2Y,3.84
2025-04-14,30Y,4.80
2025-04-14,3M,4.33
2025-04-14,3Y,3.87
2025-04-14,4M,4.34
2025-04-14,5Y,4.02
2025-04-14,6M,4.21
2025-04-14,7Y,4.20
2025-04-15,1.5M,4.36
2025-04-15,10Y,4.35
2025-04-15,1M,4.35
2025-04-15,1Y,3.99
2025-04-15,20Y,4.82
2025-04-15,2M,4.36
2025-04-15,2Y,3.84
2025-04-15,30Y,4.79
2025-04-15,3M,4.33
2025-04-15,3Y,3.85
2025-04-15,4M,4.32
2025-04-15,5Y,3.98
2025-04-15,6M,4.21
2025-04-15,7Y,4.15
2025-04-16,1.5M,4.35
2025-04-16,10Y,4.29
2025-04-16,1M,4.35
2025-04-16,1Y,3.96
2025-04-16,20Y,4.77
2025-04-16,2M,4.35
2025-04-16,2Y,3.77
2025-04-16,30Y,4.74
2025-04-16,3M,4.33
2025-04-16,3Y,3.77
2025-04-16,4M,4.34
2025-04-16,5Y,3.91
2025-04-16,6M,4.20
2025-04-16,7Y,4.08
2025-04-17,1.5M,4.35
2025-04-17,10Y,4.34
2025-04-17,1M,4.36
2025-04-17,1Y,3.99
2025-04-17,20Y,4.82
2025-04-17,2M,4.38
2025-04-17,2Y,3.81
2025-04-17,30Y,4.80
2025-04-17,3M,4.34
2025-04-17,3Y,3.82
2025-04-17,4M,4.35
2025-04-17,5Y,3.95
2025-04-17,6M,4.22
2025-04-17,7Y,4.13
2025-04-21,1.5M,4.35
2025-04-21,10Y,4.42
2025-04-21,1M,4.35
2025-04-21,1Y,3.95
2025-04-21,20Y,4.94
2025-04-21,2M,4.37
2025-04-21,2Y,3.75
2025-04-21,30Y,4.91
2025-04-21,3M,4.34
2025-04-21,3Y,3.77
2025-04-21,4M,4.33
2025-04-21,5Y,3.97
2025-04-21,6M,4.21
2025-04-21,7Y,4.19
2025-04-22,1.5M,4.37
2025-04-22,10Y,4.41
2025-04-22,1M,4.33
2025-04-22,1Y,3.98
2025-04-22,20Y,4.90
2025-04-22,2M,4.35
2025-04-22,2Y,3.76
2025-04-22,30Y,4.88
2025-04-22,3M,4.33
2025-04-22,3Y,3.82
2025-04-22,4M,4.33
2025-04-22,5Y,3.98
2025-04-22,6M,4.21
2025-04-22,7Y,4.19
2025-04-23,1.5M,4.36
2025-04-23,10Y,4.40
2025-04-23,1M,4.33
2025-04-23,1Y,4.01
2025-04-23,20Y,4.86
2025-04-23,2M,4.34
2025-04-23,2Y,3.81
2025-04-23,30Y,4.83
2025-04-23,3M,4.33
2025-04-23,3Y,3.87
2025-04-23,4M,4.33
2025-04-23,5Y,4.00
2025-04-23,6M,4.22
2025-04-23,7Y,4.20
2025-04-24,1.5M,4.36
2025-04-24,10Y,4.32
2025-04-24,1M,4.34
2025-04-24,1Y,3.97
2025-04-24,20Y,4.79
2025-04-24,2M,4.37
2025-04-24,2Y,3.77
2025-04-24,30Y,4.77
2025-04-24,3M,4.32
2025-04-24,3Y,3.80
2025-04-24,4M,4.32
2025-04-24,5Y,3.91
2025-04-24,6M,4.22
2025-04-24,7Y,4.11
2025-04-25,1.5M,4.37
2025-04-25,10Y,4.29
2025-04-25,1M,4.34
2025-04-25,1Y,3.95
2025-04-25,20Y,4.75
2025-04-25,2M,4.36
2025-04-25,2Y,3.74
2025-04-25,30Y,4.74
2025-04-25,3M,4.32
2025-04-25,3Y,3.76
2025-04-25,4M,4.32
2025-04-25,5Y,3.88
2025-04-25,6M,4.22
2025-04-25,7Y,4.06
2025-04-28,1.5M,4.37
2025-04-28,10Y,4.23
2025-04-28,1M,4.35
2025-04-28,1Y,3.92
2025-04-28,20Y,4.71
2025-04-28,2M,4.37
2025-04-28,2Y,3.67
2025-04-28,30Y,4.69
2025-04-28,3M,4.32
2025-04-28,3Y,3.67
2025-04-28,4M,4.32
2025-04-28,5Y,3.81
2025-04-28,6M,4.22
2025-04-28,7Y,4.01
2025-04-29,1.5M,4.38
2025-04-29,10Y,4.19
2025-04-29,1M,4.35
2025-04-29,1Y,3.89
2025-04-29,20Y,4.66
2025-04-29,2M,4.36
2025-04-29,2Y,3.65
2025-04-29,30Y,4.64
2025-04-29,3M,4.31
2025-04-29,3Y,3.65
2025-04-29,4M,4.30
2025-04-29,5Y,3.77
2025-04-29,6M,4.20
2025-04-29,7Y,3.96
2025-04-30,1.5M,4.37
2025-04-30,10Y,4.17
2025-04-30,1M,4.35
2025-04-30,1Y,3.85
2025-04-30,20Y,4.68
2025-04-30,2M,4.36
2025-04-30,2Y,3.60
2025-04-30,30Y,4.66
2025-04-30,3M,4.31
2025-04-30,3Y,3.58
2025-04-30,4M,4.37
2025-04-30,5Y,3.72
2025-04-30,6M,4.19
2025-04-30,7Y,3.93
2025-05-01,1.5M,4.36
2025-05-01,10Y,4.25
2025-05-01,1M,4.38
2025-05-01,1Y,3.92
2025-05-01,20Y,4.75
2025-05-01,2M,4.34
2025-05-01,2Y,3.70
2025-05-01,30Y,4.74
2025-05-01,3M,4.31
2025-05-01,3Y,3.69
2025-05-01,4M,4.38
2025-05-01,5Y,3.81
2025-05-01,6M,4.22
2025-05-01,7Y,4.02
2025-05-02,1.5M,4.36
2025-05-02,10Y,4.33
2025-05-02,1M,4.38
2025-05-02,1Y,4.00
2025-05-02,20Y,4.81
2025-05-02,2M,4.34
2025-05-02,2Y,3.83
2025-05-02,30Y,4.79
2025-05-02,3M,4.33
2025-05-02,3Y,3.82
2025-05-02,4M,4.41
2025-05-02,5Y,3.92
2025-05-02,6M,4.26
2025-05-02,7Y,4.11
2025-05-05,1.5M,4.36
2025-05-05,10Y,4.36
2025-05-05,1M,4.38
2025-05-05,1Y,4.02
2025-05-05,20Y,4.84
2025-05-05,2M,4.34
2025-05-05,2Y,3.83
2025-05-05,30Y,4.83
2025-05-05,3M,4.33
2025-05-05,3Y,3.78
2025-05-05,4M,4.40
2025-05-05,5Y,3.95
2025-05-05,6M,4.27
2025-05-05,7Y,4.14
2025-05-06,1.5M,4.37
2025-05-06,10Y,4.30
2025-05-06,1M,4.37
2025-05-06,1Y,3.98
2025-05-06,20Y,4.82
2025-05-06,2M,4.33
2025-05-06,2Y,3.78
2025-05-06,30Y,4.81
2025-05-06,3M,4.33
2025-05-06,3Y,3.73
2025-05-06,4M,4.38
2025-05-06,5Y,3.90
2025-05-06,6M,4.25
2025-05-06,7Y,4.10
2025-05-07,1.5M,4.37
2025-05-07,10Y,4.26
2025-05-07,1M,4.37
2025-05-07,1Y,4.00
2025-05-07,20Y,4.78
2025-05-07,2M,4.33
2025-05-07,2Y,3.78
2025-05-07,30Y,4.77
2025-05-07,3M,4.34
2025-05-07,3Y,3.72
2025-05-07,4M,4.39
2025-05-07,5Y,3.87
2025-05-07,6M,4.27
2025-05-07,7Y,4.06
2025-05-08,1.5M,4.37
2025-05-08,10Y,4.37
2025-05-08,1M,4.37
2025-05-08,1Y,4.05
2025-05-08,20Y,4.86
2025-05-08,2M,4.35
2025-05-08,2Y,3.90
2025-05-08,30Y,4.83
2025-05-08,3M,4.34
2025-05-08,3Y,3.85
2025-05-08,4M,4.40
2025-05-08,5Y,4.00
2025-05-08,6M,4.28
2025-05-08,7Y,4.18
2025-05-09,1.5M,4.36
2025-05-09,10Y,4.37
2025-05-09,1M,4.37
2025-05-09,1Y,4.05
2025-05-09,20Y,4.86
2025-05-09,2M,4.34
2025-05-09,2Y,3.88
2025-05-09,30Y,4.83
2025-05-09,3M,4.34
2025-05-09,3Y,3.85
2025-05-09,4M,4.40
2025-05-09,5Y,4.00
2025-05-09,6M,4.28
2025-05-09,7Y,4.18
2025-05-12,1.5M,4.37
2025-05-12,10Y,4.45
2025-05-12,1M,4.38
2025-05-12,1Y,4.11
2025-05-12,20Y,4.92
2025-05-12,2M,4.36
2025-05-12,2Y,3.98
2025-05-12,30Y,4.89
2025-05-12,3M,4.42
2025-05-12,3Y,3.97
2025-05-12,4M,4.45
2025-05-12,5Y,4.09
2025-05-12,6M,4.29
2025-05-12,7Y,4.27
2025-05-13,1.5M,4.38
2025-05-13,10Y,4.49
2025-05-13,1M,4.39
2025-05-13,1Y,4.11
2025-05-13,20Y,4.97
2025-05-13,2M,4.35
2025-05-13,2Y,4.02
2025-05-13,30Y,4.94
2025-05-13,3M,4.41
2025-05-13,3Y,4.00
2025-05-13,4M,4.45
2025-05-13,5Y,4.12
2025-05-13,6M,4.29
2025-05-13,7Y,4.30
2025-05-14,1.5M,4.38
2025-05-14,10Y,4.53
2025-05-14,1M,4.39
2025-05-14,1Y,4.14
2025-05-14,20Y,5.00
2025-05-14,2M,4.36
2025-05-14,2Y,4.05
2025-05-14,30Y,4.97
2025-05-14,3M,4.41
2025-05-14,3Y,4.05
2025-05-14,4M,4.44
2025-05-14,5Y,4.17
2025-05-14,6M,4.30
2025-05-14,7Y,4.35
2025-05-15,1.5M,4.38
2025-05-15,10Y,4.45
2025-05-15,1M,4.37
2025-05-15,1Y,4.10
2025-05-15,20Y,4.93
2025-05-15,2M,4.35
2025-05-15,2Y,3.96
2025-05-15,30Y,4.91
2025-05-15,3M,4.38
2025-05-15,3Y,3.95
2025-05-15,4M,4.43
2025-05-15,5Y,4.07
2025-05-15,6M,4.29
2025-05-15,7Y,4.25
2025-05-16,1.5M,4.36
2025-05-16,10Y,4.43
2025-05-16,1M,4.37
2025-05-16,1Y,4.13
2025-05-16,20Y,4.92
2025-05-16,2M,4.34
2025-05-16,2Y,3.98
2025-05-16,30Y,4.89
2025-05-16,3M,4.37
2025-05-16,3Y,3.95
2025-05-16,4M,4.42
2025-05-16,5Y,4.06
2025-05-16,6M,4.30
2025-05-16,7Y,4.24
2025-05-19,1.5M,4.36
2025-05-19,10Y,4.46
2025-05-19,1M,4.37
2025-05-19,1Y,4.12
2025-05-19,20Y,4.95
2025-05-19,2M,4.35
2025-05-19,2Y,3.97
2025-05-19,30Y,4.92
2025-05-19,3M,4.39
2025-05-19,3Y,3.95
2025-05-19,4M,4.42
2025-05-19,5Y,4.07
2025-05-19,6M,4.32
2025-05-19,7Y,4.26
2025-05-20,1.5M,4.35
2025-05-20,10Y,4.48
2025-05-20,1M,4.36
2025-05-20,1Y,4.12
2025-05-20,20Y,4.99
2025-05-20,2M,4.34
2025-05-20,2Y,3.97
2025-05-20,30Y,4.96
2025-05-20,3M,4.38
2025-05-20,3Y,3.95
2025-05-20,4M,4.42
2025-05-20,5Y,4.07
2025-05-20,6M,4.32
2025-05-20,7Y,4.27
2025-05-21,1.5M,4.34
2025-05-21,10Y,4.58
2025-05-21,1M,4.35
2025-05-21,1Y,4.13
2025-05-21,20Y,5.08
2025-05-21,2M,4.34
2025-05-21,2Y,4.00
2025-05-21,30Y,5.08
2025-05-21,3M,4.36
2025-05-21,3Y,4.00
2025-05-21,4M,4.42
2025-05-21,5Y,4.15
2025-05-21,6M,4.33
2025-05-21,7Y,4.37
2025-05-22,1.5M,4.34
2025-05-22,10Y,4.54
2025-05-22,1M,4.37
2025-05-22,1Y,4.13
2025-05-22,20Y,5.05
2025-05-22,2M,4.35
2025-05-22,2Y,4.00
2025-05-22,30Y,5.05
2025-05-22,3M,4.37
2025-05-22,3Y,3.99
2025-05-22,4M,4.42
2025-05-22,5Y,4.11
2025-05-22,6M,4.34
2025-05-22,7Y,4.32
2025-05-23,1.5M,4.34
2025-05-23,10Y,4.51
2025-05-23,1M,4.36
2025-05-23,1Y,4.15
2025-05-23,20Y,5.03
2025-05-23,2M,4.35
2025-05-23,2Y,4.00
2025-05-23,30Y,5.04
2025-05-23,3M,4.36
2025-05-23,3Y,3.96
2025-05-23,4M,4.43
2025-05-23,5Y,4.08
2025-05-23,6M,4.35
2025-05-23,7Y,4.29
2025-05-27,1.5M,4.35
2025-05-27,10Y,4.43
2025-05-27,1M,4.35
2025-05-27,1Y,4.14
2025-05-27,20Y,4.95
2025-05-27,2M,4.35
2025-05-27,2Y,3.92
2025-05-27,30Y,4.94
2025-05-27,3M,4.35
2025-05-27,3Y,3.93
2025-05-27,4M,4.43
2025-05-27,5Y,4.04
2025-05-27,6M,4.35
2025-05-27,7Y,4.22
2025-05-28,1.5M,4.35
2025-05-28,10Y,4.47
2025-05-28,1M,4.35
2025-05-28,1Y,4.16
2025-05-28,20Y,4.99
2025-05-28,2M,4.35
2025-05-28,2Y,3.96
2025-05-28,30Y,4.97
2025-05-28,3M,4.35
2025-05-28,3Y,3.95
2025-05-28,4M,4.38
2025-05-28,5Y,4.05
2025-05-28,6M,4.36
2025-05-28,7Y,4.27
2025-05-29,1.5M,4.34
2025-05-29,10Y,4.43
2025-05-29,1M,4.34
2025-05-29,1Y,4.13
2025-05-29,20Y,4.94
2025-05-29,2M,4.35
2025-05-29,2Y,3.92
2025-05-29,30Y,4.92
2025-05-29,3M,4.36
2025-05-29,3Y,3.91
2025-05-29,4M,4.39
2025-05-29,5Y,4.00
2025-05-29,6M,4.36
2025-05-29,7Y,4.20
2025-05-30,1.5M,4.35
2025-05-30,10Y,4.41
2025-05-30,1M,4.33
2025-05-30,1Y,4.11
2025-05-30,20Y,4.93
2025-05-30,2M,4.35
2025-05-30,2Y,3.89
2025-05-30,30Y,4.92
2025-05-30,3M,4.36
2025-05-30,3Y,3.87
2025-05-30,4M,4.39
2025-05-30,5Y,3.96
2025-05-30,6M,4.36
2025-05-30,7Y,4.18
2025-06-02,1.5M,4.33
2025-06-02,10Y,4.46
2025-06-02,1M,4.33
2025-06-02,1Y,4.12
2025-06-02,20Y,5.00
2025-06-02,2M,4.36
2025-06-02,2Y,3.94
2025-06-02,30Y,4.99
2025-06-02,3M,4.44
2025-06-02,3Y,3.91
2025-06-02,4M,4.38
2025-06-02,5Y,4.01
2025-06-02,6M,4.31
2025-06-02,7Y,4.22
2025-06-03,1.5M,4.34
2025-06-03,10Y,4.46
2025-06-03,1M,4.33
2025-06-03,1Y,4.12
2025-06-03,20Y,5.00
2025-06-03,2M,4.35
2025-06-03,2Y,3.96
2025-06-03,30Y,4.98
2025-06-03,3M,4.43
2025-06-03,3Y,3.93
2025-06-03,4M,4.38
2025-06-03,5Y,4.04
2025-06-03,6M,4.31
2025-06-03,7Y,4.23
2025-06-04,1.5M,4.34
2025-06-04,10Y,4.37
2025-06-04,1M,4.32
2025-06-04,1Y,4.06
2025-06-04,20Y,4.90
2025-06-04,2M,4.35
2025-06-04,2Y,3.87
2025-06-04,30Y,4.89
2025-06-04,3M,4.44
2025-06-04,3Y,3.84
2025-06-04,4M,4.37
2025-06-04,5Y,3.93
2025-06-04,6M,4.29
2025-06-04,7Y,4.14
2025-06-05,1.5M,4.33
2025-06-05,10Y,4.40
2025-06-05,1M,4.26
2025-06-05,1Y,4.08
2025-06-05,20Y,4.90
2025-06-05,2M,4.35
2025-06-05,2Y,3.92
2025-06-05,30Y,4.88
2025-06-05,3M,4.44
2025-06-05,3Y,3.90
2025-06-05,4M,4.37
2025-06-05,5Y,3.99
2025-06-05,6M,4.29
2025-06-05,7Y,4.18
2025-06-06,1.5M,4.31
2025-06-06,10Y,4.51
2025-06-06,1M,4.28
2025-06-06,1Y,4.14
2025-06-06,20Y,4.99
2025-06-06,2M,4.35
2025-06-06,2Y,4.04
2025-06-06,30Y,4.97
2025-06-06,3M,4.43
2025-06-06,3Y,4.02
2025-06-06,4M,4.38
2025-06-06,5Y,4.13
2025-06-06,6M,4.31
2025-06-06,7Y,4.31
2025-06-09,1.5M,4.32
2025-06-09,10Y,4.49
2025-06-09,1M,4.29
2025-06-09,1Y,4.13
2025-06-09,20Y,4.98
2025-06-09,2M,4.36
2025-06-09,2Y,4.01
2025-06-09,30Y,4.95
2025-06-09,3M,4.44
2025-06-09,3Y,3.99
2025-06-09,4M,4.38
2025-06-09,5Y,4.09
2025-06-09,6M,4.32
2025-06-09,7Y,4.28
2025-06-10,1.5M,4.31
2025-06-10,10Y,4.47
2025-06-10,1M,4.29
2025-06-10,1Y,4.12
2025-06-10,20Y,4.96
2025-06-10,2M,4.37
2025-06-10,2Y,4.01
2025-06-10,30Y,4.93
2025-06-10,3M,4.45
2025-06-10,3Y,3.95
2025-06-10,4M,4.38
2025-06-10,5Y,4.08
2025-06-10,6M,4.32
2025-06-10,7Y,4.27
2025-06-11,1.5M,4.32
2025-06-11,10Y,4.41
2025-06-11,1M,4.30
2025-06-11,1Y,4.08
2025-06-11,20Y,4.93
2025-06-11,2M,4.39
2025-06-11,2Y,3.94
2025-06-11,30Y,4.91
2025-06-11,3M,4.45
2025-06-11,3Y,3.89
2025-06-11,4M,4.39
2025-06-11,5Y,4.02
2025-06-11,6M,4.31
2025-06-11,7Y,4.21
2025-06-12,1.5M,4.30
2025-06-12,10Y,4.36
2025-06-12,1M,4.18
2025-06-12,1Y,4.06
2025-06-12,20Y,4.86
2025-06-12,2M,4.49
2025-06-12,2Y,3.90
2025-06-12,30Y,4.84
2025-06-12,3M,4.46
2025-06-12,3Y,3.85
2025-06-12,4M,4.40
2025-06-12,5Y,3.97
2025-06-12,6M,4.29
2025-06-12,7Y,4.15
2025-06-13,1.5M,4.32
2025-06-13,10Y,4.41
2025-06-13,1M,4.23
2025-06-13,1Y,4.09
2025-06-13,20Y,4.93
2025-06-13,2M,4.48
2025-06-13,2Y,3.96
2025-06-13,30Y,4.90
2025-06-13,3M,4.45
2025-06-13,3Y,3.90
2025-06-13,4M,4.40
2025-06-13,5Y,4.02
2025-06-13,6M,4.30
2025-06-13,7Y,4.20
2025-06-16,1.5M,4.36
2025-06-16,10Y,4.46
2025-06-16,1M,4.24
2025-06-16,1Y,4.10
2025-06-16,20Y,4.97
2025-06-16,2M,4.47
2025-06-16,2Y,3.97
2025-06-16,30Y,4.96
2025-06-16,3M,4.43
2025-06-16,3Y,3.93
2025-06-16,4M,4.40
2025-06-16,5Y,4.04
2025-06-16,6M,4.32
2025-06-16,7Y,4.23
2025-06-17,1.5M,4.31
2025-06-17,10Y,4.39
2025-06-17,1M,4.23
2025-06-17,1Y,4.10
2025-06-17,20Y,4.89
2025-06-17,2M,4.46
2025-06-17,2Y,3.94
2025-06-17,30Y,4.88
2025-06-17,3M,4.42
2025-06-17,3Y,3.90
2025-06-17,4M,4.39
2025-06-17,5Y,3.99
2025-06-17,6M,4.31
2025-06-17,7Y,4.17
2025-06-18,1.5M,4.36
2025-06-18,10Y,4.38
2025-06-18,1M,4.20
2025-06-18,1Y,4.10
2025-06-18,20Y,4.89
2025-06-18,2M,4.58
2025-06-18,2Y,3.94
2025-06-18,30Y,4.88
2025-06-18,3M,4.42
2025-06-18,3Y,3.89
2025-06-18,4M,4.41
2025-06-18,5Y,3.98
2025-06-18,6M,4.33
2025-06-18,7Y,4.17
2025-06-20,1.5M,4.38
2025-06-20,10Y,4.38
2025-06-20,1M,4.20
2025-06-20,1Y,4.07
2025-06-20,20Y,4.90
2025-06-20,2M,4.55
2025-06-20,2Y,3.90
2025-06-20,30Y,4.89
2025-06-20,3M,4.39
2025-06-20,3Y,3.86
2025-06-20,4M,4.40
2025-06-20,5Y,3.96
2025-06-20,6M,4.29
2025-06-20,7Y,4.16
2025-06-23,1.5M,4.40
2025-06-23,10Y,4.34
2025-06-23,1M,4.20
2025-06-23,1Y,4.00
2025-06-23,20Y,4.87
2025-06-23,2M,4.52
2025-06-23,2Y,3.84
2025-06-23,30Y,4.87
2025-06-23,3M,4.38
2025-06-23,3Y,3.80
2025-06-23,4M,4.37
2025-06-23,5Y,3.91
2025-06-23,6M,4.28
2025-06-23,7Y,4.10
2025-06-24,1.5M,4.53
2025-06-24,10Y,4.30
2025-06-24,1M,4.21
2025-06-24,1Y,3.99
2025-06-24,20Y,4.83
2025-06-24,2M,4.44
2025-06-24,2Y,3.75
2025-06-24,30Y,4.83
2025-06-24,3M,4.38
2025-06-24,3Y,3.75
2025-06-24,4M,4.37
2025-06-24,5Y,3.86
2025-06-24,6M,4.27
2025-06-24,7Y,4.06
2025-06-25,1.5M,4.46
2025-06-25,10Y,4.29
2025-06-25,1M,4.21
2025-06-25,1Y,3.99
2025-06-25,20Y,4.83
2025-06-25,2M,4.43
2025-06-25,2Y,3.74
2025-06-25,30Y,4.83
2025-06-25,3M,4.38
2025-06-25,3Y,3.74
2025-06-25,4M,4.36
2025-06-25,5Y,3.83
2025-06-25,6M,4.26
2025-06-25,7Y,4.05
2025-06-26,1.5M,4.47
2025-06-26,10Y,4.26
2025-06-26,1M,4.11
2025-06-26,1Y,3.96
2025-06-26,20Y,4.81
2025-06-26,2M,4.49
2025-06-26,2Y,3.70
2025-06-26,30Y,4.81
2025-06-26,3M,4.39
2025-06-26,3Y,3.68
2025-06-26,4M,4.36
2025-06-26,5Y,3.79
2025-06-26,6M,4.26
2025-06-26,7Y,4.00
2025-06-27,1.5M,4.43
2025-06-27,10Y,4.29
2025-06-27,1M,4.19
2025-06-27,1Y,3.97
2025-06-27,20Y,4.85
2025-06-27,2M,4.49
2025-06-27,2Y,3.73
2025-06-27,30Y,4.85
2025-06-27,3M,4.39
2025-06-27,3Y,3.72
2025-06-27,4M,4.36
2025-06-27,5Y,3.83
2025-06-27,6M,4.26
2025-06-27,7Y,4.03
2025-06-30,1.5M,4.41
2025-06-30,10Y,4.24
2025-06-30,1M,4.28
2025-06-30,1Y,3.96
2025-06-30,20Y,4.79
2025-06-30,2M,4.45
2025-06-30,2Y,3.72
2025-06-30,30Y,4.78
2025-06-30,3M,4.41
2025-06-30,3Y,3.68
2025-06-30,4M,4.36
2025-06-30,5Y,3.79
2025-06-30,6M,4.29
2025-06-30,7Y,3.98
2025-07-01,1.5M,4.44
2025-07-01,10Y,4.26
2025-07-01,1M,4.32
2025-07-01,1Y,3.98
2025-07-01,20Y,4.79
2025-07-01,2M,4.42
2025-07-01,2Y,3.78
2025-07-01,30Y,4.78
2025-07-01,3M,4.40
2025-07-01,3Y,3.75
2025-07-01,4M,4.35
2025-07-01,5Y,3.84
2025-07-01,6M,4.29
2025-07-01,7Y,4.03
2025-07-02,1.5M,4.44
2025-07-02,10Y,4.30
2025-07-02,1M,4.33
2025-07-02,1Y,3.99
2025-07-02,20Y,4.84
2025-07-02,2M,4.43
2025-07-02,2Y,3.78
2025-07-02,30Y,4.82
2025-07-02,3M,4.41
2025-07-02,3Y,3.77
2025-07-02,4M,4.37
2025-07-02,5Y,3.87
2025-07-02,6M,4.28
2025-07-02,7Y,4.06
2025-07-03,1.5M,4.43
2025-07-03,10Y,4.35
2025-07-03,1M,4.35
2025-07-03,1Y,4.07
2025-07-03,20Y,4.87
2025-07-03,2M,4.50
2025-07-03,2Y,3.88
2025-07-03,30Y,4.86
2025-07-03,3M,4.42
2025-07-03,3Y,3.84
2025-07-03,4M,4.41
2025-07-03,5Y,3.94
2025-07-03,6M,4.34
2025-07-03,7Y,4.12
2025-07-07,1.5M,4.43
2025-07-07,10Y,4.40
2025-07-07,1M,4.37
2025-07-07,1Y,4.08
2025-07-07,20Y,4.93
2025-07-07,2M,4.45
2025-07-07,2Y,3.90
2025-07-07,30Y,4.92
2025-07-07,3M,4.42
2025-07-07,3Y,3.85
2025-07-07,4M,4.41
2025-07-07,5Y,3.96
2025-07-07,6M,4.33
2025-07-07,7Y,4.16
2025-07-08,1.5M,4.41
2025-07-08,10Y,4.42
2025-07-08,1M,4.36
2025-07-08,1Y,4.11
2025-07-08,20Y,4.95
2025-07-08,2M,4.46
2025-07-08,2Y,3.90
2025-07-08,30Y,4.94
2025-07-08,3M,4.42
2025-07-08,3Y,3.86
2025-07-08,4M,4.42
2025-07-08,5Y,3.99
2025-07-08,6M,4.34
2025-07-08,7Y,4.18
2025-07-09,1.5M,4.40
2025-07-09,10Y,4.34
2025-07-09,1M,4.36
2025-07-09,1Y,4.07
2025-07-09,20Y,4.87
2025-07-09,2M,4.45
2025-07-09,2Y,3.86
2025-07-09,30Y,4.87
2025-07-09,3M,4.42
2025-07-09,3Y,3.80
2025-07-09,4M,4.42
2025-07-09,5Y,3.92
2025-07-09,6M,4.31
2025-07-09,7Y,4.11
2025-07-10,1.5M,4.39
2025-07-10,10Y,4.35
2025-07-10,1M,4.36
2025-07-10,1Y,4.07
2025-07-10,20Y,4.87
2025-07-10,2M,4.47
2025-07-10,2Y,3.86
2025-07-10,30Y,4.86
2025-07-10,3M,4.42
2025-07-10,3Y,3.82
2025-07-10,4M,4.42
2025-07-10,5Y,3.93
2025-07-10,6M,4.31
2025-07-10,7Y,4.12
2025-07-11,1.5M,4.39
2025-07-11,10Y,4.43
2025-07-11,1M,4.37
2025-07-11,1Y,4.09
2025-07-11,20Y,4.96
2025-07-11,2M,4.47
2025-07-11,2Y,3.90
2025-07-11,30Y,4.96
2025-07-11,3M,4.41
2025-07-11,3Y,3.86
2025-07-11,4M,4.42
2025-07-11,5Y,3.99
2025-07-11,6M,4.31
2025-07-11,7Y,4.19
2025-07-14,1.5M,4.41
2025-07-14,10Y,4.43
2025-07-14,1M,4.37
2025-07-14,1Y,4.08
2025-07-14,20Y,4.97
2025-07-14,2M,4.46
2025-07-14,2Y,3.90
2025-07-14,30Y,4.97
2025-07-14,3M,4.42
2025-07-14,3Y,3.86
2025-07-14,4M,4.42
2025-07-14,5Y,3.98
2025-07-14,6M,4.31
2025-07-14,7Y,4.19
2025-07-15,1.5M,4.40
2025-07-15,10Y,4.50
2025-07-15,1M,4.36
2025-07-15,1Y,4.12
2025-07-15,20Y,5.02
2025-07-15,2M,4.46
2025-07-15,2Y,3.95
2025-07-15,30Y,5.01
2025-07-15,3M,4.42
2025-07-15,3Y,3.93
2025-07-15,4M,4.43
2025-07-15,5Y,4.05
2025-07-15,6M,4.33
2025-07-15,7Y,4.26
2025-07-16,1.5M,4.40
2025-07-16,10Y,4.46
2025-07-16,1M,4.36
2025-07-16,1Y,4.08
2025-07-16,20Y,5.01
2025-07-16,2M,4.45
2025-07-16,2Y,3.88
2025-07-16,30Y,5.01
2025-07-16,3M,4.41
2025-07-16,3Y,3.86
2025-07-16,4M,4.42
2025-07-16,5Y,3.99
2025-07-16,6M,4.31
2025-07-16,7Y,4.21
2025-07-17,1.5M,4.39
2025-07-17,10Y,4.47
2025-07-17,1M,4.36
2025-07-17,1Y,4.10
2025-07-17,20Y,5.01
2025-07-17,2M,4.47
2025-07-17,2Y,3.91
2025-07-17,30Y,5.01
2025-07-17,3M,4.41
2025-07-17,3Y,3.89
2025-07-17,4M,4.42
2025-07-17,5Y,4.01
2025-07-17,6M,4.31
2025-07-17,7Y,4.22
2025-07-18,1.5M,4.39
2025-07-18,10Y,4.44
2025-07-18,1M,4.35
2025-07-18,1Y,4.08
2025-07-18,20Y,4.99
2025-07-18,2M,4.46
2025-07-18,2Y,3.88
2025-07-18,30Y,5.00
2025-07-18,3M,4.40
2025-07-18,3Y,3.84
2025-07-18,4M,4.42
2025-07-18,5Y,3.96
2025-07-18,6M,4.30
2025-07-18,7Y,4.18
2025-07-21,1.5M,4.41
2025-07-21,10Y,4.38
2025-07-21,1M,4.35
2025-07-21,1Y,4.06
2025-07-21,20Y,4.93
2025-07-21,2M,4.46
2025-07-21,2Y,3.85
2025-07-21,30Y,4.94
2025-07-21,3M,4.41
2025-07-21,3Y,3.81
2025-07-21,4M,4.42
2025-07-21,5Y,3.91
2025-07-21,6M,4.30
2025-07-21,7Y,4.13
2025-07-22,1.5M,4.46
2025-07-22,10Y,4.35
2025-07-22,1M,4.37
2025-07-22,1Y,4.05
2025-07-22,20Y,4.90
2025-07-22,2M,4.45
2025-07-22,2Y,3.83
2025-07-22,30Y,4.90
2025-07-22,3M,4.41
2025-07-22,3Y,3.77
2025-07-22,4M,4.42
2025-07-22,5Y,3.88
2025-07-22,6M,4.30
2025-07-22,7Y,4.09
2025-07-23,1.5M,4.46
2025-07-23,10Y,4.40
2025-07-23,1M,4.37
2025-07-23,1Y,4.08
2025-07-23,20Y,4.93
2025-07-23,2M,4.45
2025-07-23,2Y,3.88
2025-07-23,30Y,4.95
2025-07-23,3M,4.41
2025-07-23,3Y,3.84
2025-07-23,4M,4.42
2025-07-23,5Y,3.94
2025-07-23,6M,4.31
2025-07-23,7Y,4.15
2025-07-24,1.5M,4.47
2025-07-24,10Y,4.43
2025-07-24,1M,4.37
2025-07-24,1Y,4.10
2025-07-24,20Y,4.95
2025-07-24,2M,4.46
2025-07-24,2Y,3.91
2025-07-24,30Y,4.96
2025-07-24,3M,4.42
2025-07-24,3Y,3.87
2025-07-24,4M,4.42
2025-07-24,5Y,3.98
2025-07-24,6M,4.32
2025-07-24,7Y,4.18
2025-07-25,1.5M,4.46
2025-07-25,10Y,4.40
2025-07-25,1M,4.37
2025-07-25,1Y,4.09
2025-07-25,20Y,4.92
2025-07-25,2M,4.46
2025-07-25,2Y,3.91
2025-07-25,30Y,4.92
2025-07-25,3M,4.42
2025-07-25,3Y,3.86
2025-07-25,4M,4.42
2025-07-25,5Y,3.95
2025-07-25,6M,4.31
2025-07-25,7Y,4.15
2025-07-28,1.5M,4.47
2025-07-28,10Y,4.42
2025-07-28,1M,4.40
2025-07-28,1Y,4.09
2025-07-28,20Y,4.95
2025-07-28,2M,4.45
2025-07-28,2Y,3.91
2025-07-28,30Y,4.96
2025-07-28,3M,4.40
2025-07-28,3Y,3.87
2025-07-28,4M,4.42
2025-07-28,5Y,3.96
2025-07-28,6M,4.30
2025-07-28,7Y,4.18
2025-07-29,1.5M,4.47
2025-07-29,10Y,4.34
2025-07-29,1M,4.40
2025-07-29,1Y,4.07
2025-07-29,20Y,4.86
2025-07-29,2M,4.45
2025-07-29,2Y,3.86
2025-07-29,30Y,4.86
2025-07-29,3M,4.40
2025-07-29,3Y,3.82
2025-07-29,4M,4.41
2025-07-29,5Y,3.90
2025-07-29,6M,4.28
2025-07-29,7Y,4.10
2025-07-30,1.5M,4.48
2025-07-30,10Y,4.38
2025-07-30,1M,4.41
2025-07-30,1Y,4.12
2025-07-30,20Y,4.90
2025-07-30,2M,4.45
2025-07-30,2Y,3.94
2025-07-30,30Y,4.89
2025-07-30,3M,4.41
2025-07-30,3Y,3.89
2025-07-30,4M,4.39
2025-07-30,5Y,3.96
2025-07-30,6M,4.31
2025-07-30,7Y,4.15
2025-07-31,1.5M,4.47
2025-07-31,10Y,4.37
2025-07-31,1M,4.49
2025-07-31,1Y,4.10
2025-07-31,20Y,4.89
2025-07-31,2M,4.46
2025-07-31,2Y,3.94
2025-07-31,30Y,4.89
2025-07-31,3M,4.41
2025-07-31,3Y,3.89
2025-07-31,4M,4.40
2025-07-31,5Y,3.96
2025-07-31,6M,4.31
2025-07-31,7Y,4.14
2025-08-01,1.5M,4.46
2025-08-01,10Y,4.23
2025-08-01,1M,4.49
2025-08-01,1Y,3.87
2025-08-01,20Y,4.79
2025-08-01,2M,4.44
2025-08-01,2Y,3.69
2025-08-01,30Y,4.81
2025-08-01,3M,4.35
2025-08-01,3Y,3.67
2025-08-01,4M,4.30
2025-08-01,5Y,3.77
2025-08-01,6M,4.16
2025-08-01,7Y,3.97
2025-08-04,1.5M,4.46
2025-08-04,10Y,4.22
2025-08-04,1M,4.48
2025-08-04,1Y,3.82
2025-08-04,20Y,4.78
2025-08-04,2M,4.43
2025-08-04,2Y,3.69
2025-08-04,30Y,4.80
2025-08-04,3M,4.35
2025-08-04,3Y,3.66
2025-08-04,4M,4.28
2025-08-04,5Y,3.75
2025-08-04,6M,4.15
2025-08-04,7Y,3.95
2025-08-05,1.5M,4.48
2025-08-05,10Y,4.22
2025-08-05,1M,4.49
2025-08-05,1Y,3.92
2025-08-05,20Y,4.77
2025-08-05,2M,4.41
2025-08-05,2Y,3.72
2025-08-05,30Y,4.78
2025-08-05,3M,4.34
2025-08-05,3Y,3.63
2025-08-05,4M,4.29
2025-08-05,5Y,3.77
2025-08-05,6M,4.16
2025-08-05,7Y,3.97
2025-08-06,1.5M,4.47
2025-08-06,10Y,4.22
2025-08-06,1M,4.48
2025-08-06,1Y,3.90
2025-08-06,20Y,4.80
2025-08-06,2M,4.40
2025-08-06,2Y,3.69
2025-08-06,30Y,4.81
2025-08-06,3M,4.32
2025-08-06,3Y,3.63
2025-08-06,4M,4.27
2025-08-06,5Y,3.77
2025-08-06,6M,4.15
2025-08-06,7Y,3.97
2025-08-07,1.5M,4.46
2025-08-07,10Y,4.23
2025-08-07,1M,4.49
2025-08-07,1Y,3.92
2025-08-07,20Y,4.81
2025-08-07,2M,4.41
2025-08-07,2Y,3.72
2025-08-07,30Y,4.81
2025-08-07,3M,4.32
2025-08-07,3Y,3.66
2025-08-07,4M,4.27
2025-08-07,5Y,3.79
2025-08-07,6M,4.15
2025-08-07,7Y,3.99
2025-08-08,1.5M,4.43
2025-08-08,10Y,4.27
2025-08-08,1M,4.48
2025-08-08,1Y,3.93
2025-08-08,20Y,4.84
2025-08-08,2M,4.39
2025-08-08,2Y,3.76
2025-08-08,30Y,4.85
2025-08-08,3M,4.32
2025-08-08,3Y,3.70
2025-08-08,4M,4.27
2025-08-08,5Y,3.84
2025-08-08,6M,4.15
2025-08-08,7Y,4.03
2025-08-11,1.5M,4.41
2025-08-11,10Y,4.27
2025-08-11,1M,4.46
2025-08-11,1Y,3.93
2025-08-11,20Y,4.83
2025-08-11,2M,4.38
2025-08-11,2Y,3.76
2025-08-11,30Y,4.84
2025-08-11,3M,4.34
2025-08-11,3Y,3.71
2025-08-11,4M,4.27
2025-08-11,5Y,3.83
2025-08-11,6M,4.15
2025-08-11,7Y,4.03
2025-08-12,1.5M,4.44
2025-08-12,10Y,4.29
2025-08-12,1M,4.44
2025-08-12,1Y,3.90
2025-08-12,20Y,4.87
2025-08-12,2M,4.35
2025-08-12,2Y,3.72
2025-08-12,30Y,4.88
2025-08-12,3M,4.33
2025-08-12,3Y,3.69
2025-08-12,4M,4.25
2025-08-12,5Y,3.83
2025-08-12,6M,4.12
2025-08-12,7Y,4.03
2025-08-13,1.5M,4.42
2025-08-13,10Y,4.24
2025-08-13,1M,4.44
2025-08-13,1Y,3.86
2025-08-13,20Y,4.81
2025-08-13,2M,4.32
2025-08-13,2Y,3.67
2025-08-13,30Y,4.83
2025-08-13,3M,4.29
2025-08-13,3Y,3.64
2025-08-13,4M,4.21
2025-08-13,5Y,3.77
2025-08-13,6M,4.09
2025-08-13,7Y,3.98
2025-08-14,1.5M,4.43
2025-08-14,10Y,4.29
2025-08-14,1M,4.48
2025-08-14,1Y,3.91
2025-08-14,20Y,4.86
2025-08-14,2M,4.36
2025-08-14,2Y,3.74
2025-08-14,30Y,4.88
2025-08-14,3M,4.30
2025-08-14,3Y,3.70
2025-08-14,4M,4.22
2025-08-14,5Y,3.82
2025-08-14,6M,4.12
2025-08-14,7Y,4.03
2025-08-15,1.5M,4.42
2025-08-15,10Y,4.33
2025-08-15,1M,4.48
2025-08-15,1Y,3.93
2025-08-15,20Y,4.91
2025-08-15,2M,4.35
2025-08-15,2Y,3.75
2025-08-15,30Y,4.92
2025-08-15,3M,4.30
2025-08-15,3Y,3.73
2025-08-15,4M,4.22
2025-08-15,5Y,3.85
2025-08-15,6M,4.12
2025-08-15,7Y,4.07
2025-08-18,1.5M,4.40
2025-08-18,10Y,4.34
2025-08-18,1M,4.47
2025-08-18,1Y,3.93
2025-08-18,20Y,4.92
2025-08-18,2M,4.35
2025-08-18,2Y,3.77
2025-08-18,30Y,4.94
2025-08-18,3M,4.33
2025-08-18,3Y,3.73
2025-08-18,4M,4.22
2025-08-18,5Y,3.86
2025-08-18,6M,4.13
2025-08-18,7Y,4.07
2025-08-19,1.5M,4.40
2025-08-19,10Y,4.30
2025-08-19,1M,4.46
2025-08-19,1Y,3.91
2025-08-19,20Y,4.89
2025-08-19,2M,4.35
2025-08-19,2Y,3.75
2025-08-19,30Y,4.90
2025-08-19,3M,4.30
2025-08-19,3Y,3.70
2025-08-19,4M,4.21
2025-08-19,5Y,3.82
2025-08-19,6M,4.11
2025-08-19,7Y,4.04
2025-08-20,1.5M,4.40
2025-08-20,10Y,4.29
2025-08-20,1M,4.45
2025-08-20,1Y,3.90
2025-08-20,20Y,4.86
2025-08-20,2M,4.35
2025-08-20,2Y,3.74
2025-08-20,30Y,4.89
2025-08-20,3M,4.30
2025-08-20,3Y,3.69
2025-08-20,4M,4.22
2025-08-20,5Y,3.81
2025-08-20,6M,4.11
2025-08-20,7Y,4.02
2025-08-21,1.5M,4.41
2025-08-21,10Y,4.33
2025-08-21,1M,4.49
2025-08-21,1Y,3.95
2025-08-21,20Y,4.89
2025-08-21,2M,4.39
2025-08-21,2Y,3.79
2025-08-21,30Y,4.92
2025-08-21,3M,4.32
2025-08-21,3Y,3.75
2025-08-21,4M,4.24
2025-08-21,5Y,3.86
2025-08-21,6M,4.14
2025-08-21,7Y,4.07
2025-08-22,1.5M,4.38
2025-08-22,10Y,4.26
2025-08-22,1M,4.47
2025-08-22,1Y,3.87
2025-08-22,20Y,4.84
2025-08-22,2M,4.36
2025-08-22,2Y,3.68
2025-08-22,30Y,4.88
2025-08-22,3M,4.27
2025-08-22,3Y,3.64
2025-08-22,4M,4.21
2025-08-22,5Y,3.76
2025-08-22,6M,4.08
2025-08-22,7Y,3.98
2025-08-25,1.5M,4.38
2025-08-25,10Y,4.28
2025-08-25,1M,4.45
2025-08-25,1Y,3.88
2025-08-25,20Y,4.86
2025-08-25,2M,4.35
2025-08-25,2Y,3.73
2025-08-25,30Y,4.89
2025-08-25,3M,4.29
2025-08-25,3Y,3.68
2025-08-25,4M,4.21
2025-08-25,5Y,3.80
2025-08-25,6M,4.08
2025-08-25,7Y,4.01
2025-08-26,1.5M,4.37
2025-08-26,10Y,4.26
2025-08-26,1M,4.42
2025-08-26,1Y,3.85
2025-08-26,20Y,4.86
2025-08-26,2M,4.34
2025-08-26,2Y,3.61
2025-08-26,30Y,4.90
2025-08-26,3M,4.28
2025-08-26,3Y,3.63
2025-08-26,4M,4.20
2025-08-26,5Y,3.75
2025-08-26,6M,4.06
2025-08-26,7Y,3.98
2025-08-27,1.5M,4.36
2025-08-27,10Y,4.24
2025-08-27,1M,4.42
2025-08-27,1Y,3.83
2025-08-27,20Y,4.87
2025-08-27,2M,4.30
2025-08-27,2Y,3.59
2025-08-27,30Y,4.91
2025-08-27,3M,4.26
2025-08-27,3Y,3.59
2025-08-27,4M,4.18
2025-08-27,5Y,3.69
2025-08-27,6M,4.04
2025-08-27,7Y,3.95
2025-08-28,1.5M,4.35
2025-08-28,10Y,4.22
2025-08-28,1M,4.42
2025-08-28,1Y,3.85
2025-08-28,20Y,4.83
2025-08-28,2M,4.31
2025-08-28,2Y,3.62
2025-08-28,30Y,4.88
2025-08-28,3M,4.26
2025-08-28,3Y,3.60
2025-08-28,4M,4.17
2025-08-28,5Y,3.69
2025-08-28,6M,4.04
2025-08-28,7Y,3.92
2025-08-29,1.5M,4.34
2025-08-29,10Y,4.23
2025-08-29,1M,4.41
2025-08-29,1Y,3.83
2025-08-29,20Y,4.86
2025-08-29,2M,4.30
2025-08-29,2Y,3.59
2025-08-29,30Y,4.92
2025-08-29,3M,4.23
2025-08-29,3Y,3.58
2025-08-29,4M,4.17
2025-08-29,5Y,3.68
2025-08-29,6M,4.01
2025-08-29,7Y,3.92
2025-09-02,1.5M,4.35
2025-09-02,10Y,4.28
2025-09-02,1M,4.40
2025-09-02,1Y,3.82
2025-09-02,20Y,4.92
2025-09-02,2M,4.29
2025-09-02,2Y,3.66
2025-09-02,30Y,4.97
2025-09-02,3M,4.20
2025-09-02,3Y,3.63
2025-09-02,4M,4.15
2025-09-02,5Y,3.74
2025-09-02,6M,3.99
2025-09-02,7Y,3.98
2025-09-03,1.5M,4.33
2025-09-03,10Y,4.22
2025-09-03,1M,4.35
2025-09-03,1Y,3.77
2025-09-03,20Y,4.85
2025-09-03,2M,4.26
2025-09-03,2Y,3.61
2025-09-03,30Y,4.90
2025-09-03,3M,4.18
2025-09-03,3Y,3.58
2025-09-03,4M,4.14
2025-09-03,5Y,3.69
2025-09-03,6M,3.96
2025-09-03,7Y,3.92
2025-09-04,1.5M,4.30
2025-09-04,10Y,4.17
2025-09-04,1M,4.33
2025-09-04,1Y,3.76
2025-09-04,20Y,4.81
2025-09-04,2M,4.28
2025-09-04,2Y,3.59
2025-09-04,30Y,4.86
2025-09-04,3M,4.16
2025-09-04,3Y,3.55
2025-09-04,4M,4.12
2025-09-04,5Y,3.65
2025-09-04,6M,3.94
2025-09-04,7Y,3.87
2025-09-05,1.5M,4.24
2025-09-05,10Y,4.10
2025-09-05,1M,4.29
2025-09-05,1Y,3.65
2025-09-05,20Y,4.72
2025-09-05,2M,4.24
2025-09-05,2Y,3.51
2025-09-05,30Y,4.78
2025-09-05,3M,4.07
2025-09-05,3Y,3.48
2025-09-05,4M,4.05
2025-09-05,5Y,3.59
2025-09-05,6M,3.85
2025-09-05,7Y,3.80
2025-09-08,1.5M,4.23
2025-09-08,10Y,4.05
2025-09-08,1M,4.26
2025-09-08,1Y,3.64
2025-09-08,20Y,4.65
2025-09-08,2M,4.21
2025-09-08,2Y,3.49
2025-09-08,30Y,4.69
2025-09-08,3M,4.10
2025-09-08,3Y,3.47
2025-09-08,4M,4.04
2025-09-08,5Y,3.57
2025-09-08,6M,3.84
2025-09-08,7Y,3.77
2025-09-09,1.5M,4.25
2025-09-09,10Y,4.08
2025-09-09,1M,4.25
2025-09-09,1Y,3.68
2025-09-09,20Y,4.68
2025-09-09,2M,4.22
2025-09-09,2Y,3.54
2025-09-09,30Y,4.72
2025-09-09,3M,4.10
2025-09-09,3Y,3.48
2025-09-09,4M,4.05
2025-09-09,5Y,3.61
2025-09-09,6M,3.85
2025-09-09,7Y,3.81
2025-09-10,1.5M,4.23
2025-09-10,10Y,4.04
2025-09-10,1M,4.23
2025-09-10,1Y,3.66
2025-09-10,20Y,4.65
2025-09-10,2M,4.20
2025-09-10,2Y,3.54
2025-09-10,30Y,4.69
2025-09-10,3M,4.09
2025-09-10,3Y,3.47
2025-09-10,4M,4.02
2025-09-10,5Y,3.59
2025-09-10,6M,3.83
2025-09-10,7Y,3.78
2025-09-11,1.5M,4.22
2025-09-11,10Y,4.01
2025-09-11,1M,4.22
2025-09-11,1Y,3.63
2025-09-11,20Y,4.61
2025-09-11,2M,4.18
2025-09-11,2Y,3.52
2025-09-11,30Y,4.65
2025-09-11,3M,4.08
2025-09-11,3Y,3.47
2025-09-11,4M,4.00
2025-09-11,5Y,3.59
2025-09-11,6M,3.82
2025-09-11,7Y,3.76
2025-09-12,1.5M,4.24
2025-09-12,10Y,4.06
2025-09-12,1M,4.24
2025-09-12,1Y,3.66
2025-09-12,20Y,4.65
2025-09-12,2M,4.20
2025-09-12,2Y,3.56
2025-09-12,30Y,4.68
2025-09-12,3M,4.08
2025-09-12,3Y,3.52
2025-09-12,4M,4.02
2025-09-12,5Y,3.63
2025-09-12,6M,3.83
2025-09-12,7Y,3.81
2025-09-15,1.5M,4.21
2025-09-15,10Y,4.05
2025-09-15,1M,4.22
2025-09-15,1Y,3.64
2025-09-15,20Y,4.63
2025-09-15,2M,4.17
2025-09-15,2Y,3.54
2025-09-15,30Y,4.66
2025-09-15,3M,4.06
2025-09-15,3Y,3.50
2025-09-15,4M,4.00
2025-09-15,5Y,3.61
2025-09-15,6M,3.81
2025-09-15,7Y,3.79
2025-09-16,1.5M,4.19
2025-09-16,10Y,4.04
2025-09-16,1M,4.20
2025-09-16,1Y,3.62
2025-09-16,20Y,4.61
2025-09-16,2M,4.15
2025-09-16,2Y,3.51
2025-09-16,30Y,4.65
2025-09-16,3M,4.04
2025-09-16,3Y,3.47
2025-09-16,4M,4.00
2025-09-16,5Y,3.59
2025-09-16,6M,3.81
2025-09-16,7Y,3.78
2025-09-17,1.5M,4.16
2025-09-17,10Y,4.06
2025-09-17,1M,4.17
2025-09-17,1Y,3.60
2025-09-17,20Y,4.62
2025-09-17,2M,4.11
2025-09-17,2Y,3.52
2025-09-17,30Y,4.66
2025-09-17,3M,4.02
2025-09-17,3Y,3.51
2025-09-17,4M,3.97
2025-09-17,5Y,3.62
2025-09-17,6M,3.80
2025-09-17,7Y,3.81
2025-09-18,1.5M,4.17
2025-09-18,10Y,4.11
2025-09-18,1M,4.20
2025-09-18,1Y,3.61
2025-09-18,20Y,4.68
2025-09-18,2M,4.14
2025-09-18,2Y,3.57
2025-09-18,30Y,4.72
2025-09-18,3M,4.03
2025-09-18,3Y,3.55
2025-09-18,4M,3.98
2025-09-18,5Y,3.67
2025-09-18,6M,3.81
2025-09-18,7Y,3.86
2025-09-19,1.5M,4.16
2025-09-19,10Y,4.14
2025-09-19,1M,4.19
2025-09-19,1Y,3.60
2025-09-19,20Y,4.71
2025-09-19,2M,4.14
2025-09-19,2Y,3.57
2025-09-19,30Y,4.75
2025-09-19,3M,4.03
2025-09-19,3Y,3.56
2025-09-19,4M,3.98
2025-09-19,5Y,3.68
2025-09-19,6M,3.81
2025-09-19,7Y,3.88
2025-09-22,1.5M,4.15
2025-09-22,10Y,4.15
2025-09-22,1M,4.17
2025-09-22,1Y,3.61
2025-09-22,20Y,4.73
2025-09-22,2M,4.13
2025-09-22,2Y,3.61
2025-09-22,30Y,4.77
2025-09-22,3M,4.00
2025-09-22,3Y,3.59
2025-09-22,4M,3.98
2025-09-22,5Y,3.71
2025-09-22,6M,3.81
2025-09-22,7Y,3.90
2025-09-23,1.5M,4.18
2025-09-23,10Y,4.12
2025-09-23,1M,4.16
2025-09-23,1Y,3.61
2025-09-23,20Y,4.70
2025-09-23,2M,4.12
2025-09-23,2Y,3.53
2025-09-23,30Y,4.73
2025-09-23,3M,4.00
2025-09-23,3Y,3.57
2025-09-23,4M,3.97
2025-09-23,5Y,3.68
2025-09-23,6M,3.81
2025-09-23,7Y,3.87
2025-09-24,1.5M,4.19
2025-09-24,10Y,4.16
2025-09-24,1M,4.18
2025-09-24,1Y,3.63
2025-09-24,20Y,4.73
2025-09-24,2M,4.13
2025-09-24,2Y,3.57
2025-09-24,30Y,4.76
2025-09-24,3M,4.02
2025-09-24,3Y,3.60
2025-09-24,4M,3.98
2025-09-24,5Y,3.70
2025-09-24,6M,3.82
2025-09-24,7Y,3.91
2025-09-25,1.5M,4.20
2025-09-25,10Y,4.18
2025-09-25,1M,4.24
2025-09-25,1Y,3.68
2025-09-25,20Y,4.73
2025-09-25,2M,4.18
2025-09-25,2Y,3.64
2025-09-25,30Y,4.75
2025-09-25,3M,4.04
2025-09-25,3Y,3.66
2025-09-25,4M,4.01
2025-09-25,5Y,3.75
2025-09-25,6M,3.85
2025-09-25,7Y,3.94
2025-09-26,1.5M,4.20
2025-09-26,10Y,4.20
2025-09-26,1M,4.22
2025-09-26,1Y,3.67
2025-09-26,20Y,4.74
2025-09-26,2M,4.17
2025-09-26,2Y,3.63
2025-09-26,30Y,4.77
2025-09-26,3M,4.02
2025-09-26,3Y,3.66
2025-09-26,4M,4.00
2025-09-26,5Y,3.76
2025-09-26,6M,3.83
2025-09-26,7Y,3.96
2025-09-29,1.5M,4.19
2025-09-29,10Y,4.15
2025-09-29,1M,4.22
2025-09-29,1Y,3.65
2025-09-29,20Y,4.69
2025-09-29,2M,4.16
2025-09-29,2Y,3.63
2025-09-29,30Y,4.71
2025-09-29,3M,4.04
2025-09-29,3Y,3.63
2025-09-29,4M,3.99
2025-09-29,5Y,3.74
2025-09-29,6M,3.84
2025-09-29,7Y,3.92
2025-09-30,1.5M,4.19
2025-09-30,10Y,4.16
2025-09-30,1M,4.20
2025-09-30,1Y,3.68
2025-09-30,20Y,4.71
2025-09-30,2M,4.15
2025-09-30,2Y,3.60
2025-09-30,30Y,4.73
2025-09-30,3M,4.02
2025-09-30,3Y,3.61
2025-09-30,4M,3.98
2025-09-30,5Y,3.74
2025-09-30,6M,3.83
2025-09-30,7Y,3.93
2025-10-01,1.5M,4.18
2025-10-01,10Y,4.12
2025-10-01,1M,4.17
2025-10-01,1Y,3.62
2025-10-01,20Y,4.69
2025-10-01,2M,4.12
2025-10-01,2Y,3.55
2025-10-01,30Y,4.72
2025-10-01,3M,4.01
2025-10-01,3Y,3.56
2025-10-01,4M,3.95
2025-10-01,5Y,3.68
2025-10-01,6M,3.80
2025-10-01,7Y,3.88
2025-10-02,1.5M,4.18
2025-10-02,10Y,4.10
2025-10-02,1M,4.23
2025-10-02,1Y,3.62
2025-10-02,20Y,4.66
2025-10-02,2M,4.11
2025-10-02,2Y,3.55
2025-10-02,30Y,4.69
2025-10-02,3M,4.02
2025-10-02,3Y,3.56
2025-10-02,4M,3.96
2025-10-02,5Y,3.67
2025-10-02,6M,3.81
2025-10-02,7Y,3.86
2025-10-03,1.5M,4.17
2025-10-03,10Y,4.13
2025-10-03,1M,4.24
2025-10-03,1Y,3.64
2025-10-03,20Y,4.69
2025-10-03,2M,4.11
2025-10-03,2Y,3.58
2025-10-03,30Y,4.71
2025-10-03,3M,4.03
2025-10-03,3Y,3.59
2025-10-03,4M,3.96
2025-10-03,5Y,3.72
2025-10-03,6M,3.82
2025-10-03,7Y,3.90
2025-10-06,1.5M,4.14
2025-10-06,10Y,4.18
2025-10-06,1M,4.22
2025-10-06,1Y,3.66
2025-10-06,20Y,4.73
2025-10-06,2M,4.11
2025-10-06,2Y,3.60
2025-10-06,30Y,4.76
2025-10-06,3M,4.02
2025-10-06,3Y,3.63
2025-10-06,4M,3.95
2025-10-06,5Y,3.75
2025-10-06,6M,3.81
2025-10-06,7Y,3.95
2025-10-07,1.5M,4.17
2025-10-07,10Y,4.14
2025-10-07,1M,4.20
2025-10-07,1Y,3.65
2025-10-07,20Y,4.70
2025-10-07,2M,4.10
2025-10-07,2Y,3.57
2025-10-07,30Y,4.73
2025-10-07,3M,4.01
2025-10-07,3Y,3.56
2025-10-07,4M,3.95
2025-10-07,5Y,3.71
2025-10-07,6M,3.81
2025-10-07,7Y,3.90
2025-10-08,1.5M,4.16
2025-10-08,10Y,4.13
2025-10-08,1M,4.20
2025-10-08,1Y,3.66
2025-10-08,20Y,4.69
2025-10-08,2M,4.09
2025-10-08,2Y,3.58
2025-10-08,30Y,4.72
2025-10-08,3M,4.01
2025-10-08,3Y,3.58
2025-10-08,4M,3.94
2025-10-08,5Y,3.72
2025-10-08,6M,3.82
2025-10-08,7Y,3.91
2025-10-09,1.5M,4.17
2025-10-09,10Y,4.14
2025-10-09,1M,4.20
2025-10-09,1Y,3.66
2025-10-09,20Y,4.70
2025-10-09,2M,4.11
2025-10-09,2Y,3.60
2025-10-09,30Y,4.72
2025-10-09,3M,4.03
2025-10-09,3Y,3.59
2025-10-09,4M,3.95
2025-10-09,5Y,3.74
2025-10-09,6M,3.83
2025-10-09,7Y,3.92
2025-10-10,1.5M,4.16
2025-10-10,10Y,4.05
2025-10-10,1M,4.19
2025-10-10,1Y,3.60
2025-10-10,20Y,4.60
2025-10-10,2M,4.10
2025-10-10,2Y,3.52
2025-10-10,30Y,4.63
2025-10-10,3M,4.02
2025-10-10,3Y,3.52
2025-10-10,4M,3.96
2025-10-10,5Y,3.65
2025-10-10,6M,3.81
2025-10-10,7Y,3.83
2025-10-14,1.5M,4.18
2025-10-14,10Y,4.03
2025-10-14,1M,4.19
2025-10-14,1Y,3.58
2025-10-14,20Y,4.59
2025-10-14,2M,4.08
2025-10-14,2Y,3.48
2025-10-14,30Y,4.62
2025-10-14,3M,4.02
2025-10-14,3Y,3.47
2025-10-14,4M,3.95
2025-10-14,5Y,3.60
2025-10-14,6M,3.80
2025-10-14,7Y,3.79
2025-10-15,1.5M,4.18
2025-10-15,10Y,4.05
2025-10-15,1M,4.20
2025-10-15,1Y,3.61
2025-10-15,20Y,4.61
2025-10-15,2M,4.09
2025-10-15,2Y,3.50
2025-10-15,30Y,4.64
2025-10-15,3M,4.03
2025-10-15,3Y,3.51
2025-10-15,4M,3.98
2025-10-15,5Y,3.63
2025-10-15,6M,3.82
2025-10-15,7Y,3.82
2025-10-16,1.5M,4.17
2025-10-16,10Y,3.99
2025-10-16,1M,4.20
2025-10-16,1Y,3.54
2025-10-16,20Y,4.56
2025-10-16,2M,4.10
2025-10-16,2Y,3.41
2025-10-16,30Y,4.58
2025-10-16,3M,4.02
2025-10-16,3Y,3.42
2025-10-16,4M,3.96
2025-10-16,5Y,3.55
2025-10-16,6M,3.79
2025-10-16,7Y,3.74
2025-10-17,1.5M,4.15
2025-10-17,10Y,4.02
2025-10-17,1M,4.18
2025-10-17,1Y,3.56
2025-10-17,20Y,4.58
2025-10-17,2M,4.08
2025-10-17,2Y,3.46
2025-10-17,30Y,4.60
2025-10-17,3M,4.00
2025-10-17,3Y,3.47
2025-10-17,4M,3.95
2025-10-17,5Y,3.59
2025-10-17,6M,3.79
2025-10-17,7Y,3.78
2025-10-20,1.5M,4.11
2025-10-20,10Y,4.00
2025-10-20,1M,4.15
2025-10-20,1Y,3.55
2025-10-20,20Y,4.56
2025-10-20,2M,4.05
2025-10-20,2Y,3.46
2025-10-20,30Y,4.58
2025-10-20,3M,3.97
2025-10-20,3Y,3.47
2025-10-20,4M,3.92
2025-10-20,5Y,3.58
2025-10-20,6M,3.78
2025-10-20,7Y,3.77
2025-10-21,1.5M,4.09
2025-10-21,10Y,3.98
2025-10-21,1M,4.12
2025-10-21,1Y,3.56
2025-10-21,20Y,4.53
2025-10-21,2M,4.05
2025-10-21,2Y,3.45
2025-10-21,30Y,4.55
2025-10-21,3M,3.96
2025-10-21,3Y,3.46
2025-10-21,4M,3.90
2025-10-21,5Y,3.56
2025-10-21,6M,3.78
2025-10-21,7Y,3.74
2025-10-22,1.5M,4.08
2025-10-22,10Y,3.97
2025-10-22,1M,4.11
2025-10-22,1Y,3.55
2025-10-22,20Y,4.52
2025-10-22,2M,4.04
2025-10-22,2Y,3.45
2025-10-22,30Y,4.54
2025-10-22,3M,3.96
2025-10-22,3Y,3.44
2025-10-22,4M,3.90
2025-10-22,5Y,3.56
2025-10-22,6M,3.78
2025-10-22,7Y,3.74
2025-10-23,1.5M,4.08
2025-10-23,10Y,4.01
2025-10-23,1M,4.12
2025-10-23,1Y,3.59
2025-10-23,20Y,4.55
2025-10-23,2M,4.05
2025-10-23,2Y,3.48
2025-10-23,30Y,4.58
2025-10-23,3M,3.95
2025-10-23,3Y,3.49
2025-10-23,4M,3.90
2025-10-23,5Y,3.61
2025-10-23,6M,3.78
2025-10-23,7Y,3.79
2025-10-24,1.5M,4.06
2025-10-24,10Y,4.02
2025-10-24,1M,4.11
2025-10-24,1Y,3.58
2025-10-24,20Y,4.56
2025-10-24,2M,4.02
2025-10-24,2Y,3.48
2025-10-24,30Y,4.59
2025-10-24,3M,3.93
2025-10-24,3Y,3.49
2025-10-24,4M,3.89
2025-10-24,5Y,3.61
2025-10-24,6M,3.76
2025-10-24,7Y,3.79
2025-10-27,1.5M,4.03
2025-10-27,10Y,4.01
2025-10-27,1M,4.09
2025-10-27,1Y,3.59
2025-10-27,20Y,4.55
2025-10-27,2M,4.00
2025-10-27,2Y,3.48
2025-10-27,30Y,4.57
2025-10-27,3M,3.89
2025-10-27,3Y,3.50
2025-10-27,4M,3.87
2025-10-27,5Y,3.61
2025-10-27,6M,3.73
2025-10-27,7Y,3.79
2025-10-28,1.5M,4.02
2025-10-28,10Y,3.99
2025-10-28,1M,4.07
2025-10-28,1Y,3.59
2025-10-28,20Y,4.53
2025-10-28,2M,3.97
2025-10-28,2Y,3.47
2025-10-28,30Y,4.55
2025-10-28,3M,3.89
2025-10-28,3Y,3.50
2025-10-28,4M,3.86
2025-10-28,5Y,3.60
2025-10-28,6M,3.72
2025-10-28,7Y,3.77
2025-10-29,1.5M,4.01
2025-10-29,10Y,4.08
2025-10-29,1M,4.03
2025-10-29,1Y,3.70
2025-10-29,20Y,4.59
2025-10-29,2M,3.99
2025-10-29,2Y,3.59
2025-10-29,30Y,4.61
2025-10-29,3M,3.93
2025-10-29,3Y,3.60
2025-10-29,4M,3.86
2025-10-29,5Y,3.70
2025-10-29,6M,3.79
2025-10-29,7Y,3.87
2025-10-30,1.5M,4.02
2025-10-30,10Y,4.11
2025-10-30,1M,4.05
2025-10-30,1Y,3.70
2025-10-30,20Y,4.64
2025-10-30,2M,4.04
2025-10-30,2Y,3.61
2025-10-30,30Y,4.65
2025-10-30,3M,3.92
2025-10-30,3Y,3.61
2025-10-30,4M,3.87
2025-10-30,5Y,3.72
2025-10-30,6M,3.79
2025-10-30,7Y,3.90
2025-10-31,1.5M,4.02
2025-10-31,10Y,4.11
2025-10-31,1M,4.06
2025-10-31,1Y,3.70
2025-10-31,20Y,4.65
2025-10-31,2M,4.04
2025-10-31,2Y,3.60
2025-10-31,30Y,4.67
2025-10-31,3M,3.89
2025-10-31,3Y,3.60
2025-10-31,4M,3.87
2025-10-31,5Y,3.71
2025-10-31,6M,3.79
2025-10-31,7Y,3.89
2025-11-03,1.5M,4.04
2025-11-03,10Y,4.13
2025-11-03,1M,4.06
2025-11-03,1Y,3.70
2025-11-03,20Y,4.67
2025-11-03,2M,4.05
2025-11-03,2Y,3.60
2025-11-03,30Y,4.69
2025-11-03,3M,3.98
2025-11-03,3Y,3.61
2025-11-03,4M,3.88
2025-11-03,5Y,3.72
2025-11-03,6M,3.80
2025-11-03,7Y,3.90
2025-11-04,1.5M,4.04
2025-11-04,10Y,4.10
2025-11-04,1M,4.02
2025-11-04,1Y,3.67
2025-11-04,20Y,4.65
2025-11-04,2M,4.01
2025-11-04,2Y,3.58
2025-11-04,30Y,4.67
2025-11-04,3M,3.96
2025-11-04,3Y,3.59
2025-11-04,4M,3.87
2025-11-04,5Y,3.69
2025-11-04,6M,3.78
2025-11-04,7Y,3.88
2025-11-05,1.5M,4.02
2025-11-05,10Y,4.17
2025-11-05,1M,4.00
2025-11-05,1Y,3.71
2025-11-05,20Y,4.72
2025-11-05,2M,4.00
2025-11-05,2Y,3.63
2025-11-05,30Y,4.74
2025-11-05,3M,3.96
2025-11-05,3Y,3.65
2025-11-05,4M,3.87
2025-11-05,5Y,3.76
2025-11-05,6M,3.79
2025-11-05,7Y,3.95
2025-11-06,1.5M,3.96
2025-11-06,10Y,4.11
2025-11-06,1M,4.02
2025-11-06,1Y,3.65
2025-11-06,20Y,4.67
2025-11-06,2M,3.98
2025-11-06,2Y,3.57
2025-11-06,30Y,4.69
2025-11-06,3M,3.93
2025-11-06,3Y,3.58
2025-11-06,4M,3.84
2025-11-06,5Y,3.69
2025-11-06,6M,3.76
2025-11-06,7Y,3.87
2025-11-07,1.5M,3.96
2025-11-07,10Y,4.11
2025-11-07,1M,4.01
2025-11-07,1Y,3.63
2025-11-07,20Y,4.68
2025-11-07,2M,3.98
2025-11-07,2Y,3.55
2025-11-07,30Y,4.70
2025-11-07,3M,3.92
2025-11-07,3Y,3.57
2025-11-07,4M,3.83
2025-11-07,5Y,3.67
2025-11-07,6M,3.76
2025-11-07,7Y,3.87
2025-11-10,1.5M,4.04
2025-11-10,10Y,4.13
2025-11-10,1M,4.04
2025-11-10,1Y,3.66
2025-11-10,20Y,4.69
2025-11-10,2M,4.00
2025-11-10,2Y,3.58
2025-11-10,30Y,4.71
2025-11-10,3M,3.95
2025-11-10,3Y,3.56
2025-11-10,4M,3.85
2025-11-10,5Y,3.72
2025-11-10,6M,3.79
2025-11-10,7Y,3.90
2025-11-12,1.5M,4.03
2025-11-12,10Y,4.08
2025-11-12,1M,4.03
2025-11-12,1Y,3.65
2025-11-12,20Y,4.65
2025-11-12,2M,3.98
2025-11-12,2Y,3.56
2025-11-12,30Y,4.67
2025-11-12,3M,3.95
2025-11-12,3Y,3.55
2025-11-12,4M,3.86
2025-11-12,5Y,3.68
2025-11-12,6M,3.78
2025-11-12,7Y,3.86
2025-11-13,1.5M,4.02
2025-11-13,10Y,4.11
2025-11-13,1M,4.05
2025-11-13,1Y,3.68
2025-11-13,20Y,4.69
2025-11-13,2M,4.00
2025-11-13,2Y,3.58
2025-11-13,30Y,4.70
2025-11-13,3M,3.96
2025-11-13,3Y,3.57
2025-11-13,4M,3.88
2025-11-13,5Y,3.71
2025-11-13,6M,3.80
2025-11-13,7Y,3.89
2025-11-14,1.5M,4.02
2025-11-14,10Y,4.14
2025-11-14,1M,4.04
2025-11-14,1Y,3.70
2025-11-14,20Y,4.73
2025-11-14,2M,4.01
2025-11-14,2Y,3.62
2025-11-14,30Y,4.74
2025-11-14,3M,3.95
2025-11-14,3Y,3.61
2025-11-14,4M,3.88
2025-11-14,5Y,3.74
2025-11-14,6M,3.80
2025-11-14,7Y,3.92
2025-11-17,1.5M,4.01
2025-11-17,10Y,4.13
2025-11-17,1M,4.04
2025-11-17,1Y,3.69
2025-11-17,20Y,4.71
2025-11-17,2M,4.01
2025-11-17,2Y,3.60
2025-11-17,30Y,4.73
2025-11-17,3M,3.97
2025-11-17,3Y,3.60
2025-11-17,4M,3.87
2025-11-17,5Y,3.72
2025-11-17,6M,3.81
2025-11-17,7Y,3.90
2025-11-18,1.5M,4.01
2025-11-18,10Y,4.12
2025-11-18,1M,4.02
2025-11-18,1Y,3.67
2025-11-18,20Y,4.72
2025-11-18,2M,3.99
2025-11-18,2Y,3.58
2025-11-18,30Y,4.74
2025-11-18,3M,3.94
2025-11-18,3Y,3.58
2025-11-18,4M,3.85
2025-11-18,5Y,3.70
2025-11-18,6M,3.79
2025-11-18,7Y,3.89
2025-11-19,1.5M,4.02
2025-11-19,10Y,4.13
2025-11-19,1M,4.01
2025-11-19,1Y,3.68
2025-11-19,20Y,4.71
2025-11-19,2M,4.00
2025-11-19,2Y,3.58
2025-11-19,30Y,4.75
2025-11-19,3M,3.95
2025-11-19,3Y,3.59
2025-11-19,4M,3.86
2025-11-19,5Y,3.71
2025-11-19,6M,3.80
2025-11-19,7Y,3.90
2025-11-20,1.5M,4.02
2025-11-20,10Y,4.10
2025-11-20,1M,4.04
2025-11-20,1Y,3.65
2025-11-20,20Y,4.68
2025-11-20,2M,4.02
2025-11-20,2Y,3.55
2025-11-20,30Y,4.73
2025-11-20,3M,3.94
2025-11-20,3Y,3.56
2025-11-20,4M,3.86
2025-11-20,5Y,3.68
2025-11-20,6M,3.79
2025-11-20,7Y,3.87
2025-11-21,1.5M,4.01
2025-11-21,10Y,4.06
2025-11-21,1M,4.03
2025-11-21,1Y,3.62
2025-11-21,20Y,4.67
2025-11-21,2M,4.00
2025-11-21,2Y,3.51
2025-11-21,30Y,4.71
2025-11-21,3M,3.90
2025-11-21,3Y,3.50
2025-11-21,4M,3.84
2025-11-21,5Y,3.62
2025-11-21,6M,3.75
2025-11-21,7Y,3.82
2025-11-24,1.5M,4.00
2025-11-24,10Y,4.04
2025-11-24,1M,4.03
2025-11-24,1Y,3.61
2025-11-24,20Y,4.64
2025-11-24,2M,3.99
2025-11-24,2Y,3.46
2025-11-24,30Y,4.68
2025-11-24,3M,3.91
2025-11-24,3Y,3.49
2025-11-24,4M,3.83
2025-11-24,5Y,3.61
2025-11-24,6M,3.76
2025-11-24,7Y,3.80
2025-11-25,1.5M,4.00
2025-11-25,10Y,4.01
2025-11-25,1M,4.04
2025-11-25,1Y,3.60
2025-11-25,20Y,4.62
2025-11-25,2M,3.97
2025-11-25,2Y,3.43
2025-11-25,30Y,4.67
2025-11-25,3M,3.90
2025-11-25,3Y,3.46
2025-11-25,4M,3.82
2025-11-25,5Y,3.55
2025-11-25,6M,3.75
2025-11-25,7Y,3.77
2025-11-26,1.5M,4.02
2025-11-26,10Y,4.00
2025-11-26,1M,4.06
2025-11-26,1Y,3.61
2025-11-26,20Y,4.60
2025-11-26,2M,4.00
2025-11-26,2Y,3.45
2025-11-26,30Y,4.64
2025-11-26,3M,3.92
2025-11-26,3Y,3.47
2025-11-26,4M,3.86
2025-11-26,5Y,3.56
2025-11-26,6M,3.76
2025-11-26,7Y,3.75
2025-11-28,1.5M,3.97
2025-11-28,10Y,4.02
2025-11-28,1M,4.05
2025-11-28,1Y,3.61
2025-11-28,20Y,4.62
2025-11-28,2M,3.99
2025-11-28,2Y,3.47
2025-11-28,30Y,4.67
2025-11-28,3M,3.88
2025-11-28,3Y,3.49
2025-11-28,4M,3.86
2025-11-28,5Y,3.59
2025-11-28,6M,3.74
2025-11-28,7Y,3.78
2025-12-01,1.5M,3.93
2025-12-01,10Y,4.09
2025-12-01,1M,3.98
2025-12-01,1Y,3.62
2025-12-01,20Y,4.71
2025-12-01,2M,3.92
2025-12-01,2Y,3.54
2025-12-01,30Y,4.74
2025-12-01,3M,3.81
2025-12-01,3Y,3.55
2025-12-01,4M,3.82
2025-12-01,5Y,3.67
2025-12-01,6M,3.75
2025-12-01,7Y,3.86
2025-12-02,1.5M,3.85
2025-12-02,10Y,4.09
2025-12-02,1M,3.90
2025-12-02,1Y,3.59
2025-12-02,20Y,4.70
2025-12-02,2M,3.83
2025-12-02,2Y,3.51
2025-12-02,30Y,4.74
2025-12-02,3M,3.77
2025-12-02,3Y,3.54
2025-12-02,4M,3.78
2025-12-02,5Y,3.66
2025-12-02,6M,3.72
2025-12-02,7Y,3.85
2025-12-03,1.5M,3.80
2025-12-03,10Y,4.06
2025-12-03,1M,3.83
2025-12-03,1Y,3.57
2025-12-03,20Y,4.68
2025-12-03,2M,3.78
2025-12-03,2Y,3.49
2025-12-03,30Y,4.73
2025-12-03,3M,3.72
2025-12-03,3Y,3.50
2025-12-03,4M,3.73
2025-12-03,5Y,3.62
2025-12-03,6M,3.68
2025-12-03,7Y,3.82
2025-12-04,1.5M,3.78
2025-12-04,10Y,4.11
2025-12-04,1M,3.83
2025-12-04,1Y,3.60
2025-12-04,20Y,4.72
2025-12-04,2M,3.78
2025-12-04,2Y,3.52
2025-12-04,30Y,4.76
2025-12-04,3M,3.71
2025-12-04,3Y,3.55
2025-12-04,4M,3.73
2025-12-04,5Y,3.68
2025-12-04,6M,3.69
2025-12-04,7Y,3.87
2025-12-05,1.5M,3.78
2025-12-05,10Y,4.14
2025-12-05,1M,3.82
2025-12-05,1Y,3.61
2025-12-05,20Y,4.75
2025-12-05,2M,3.77
2025-12-05,2Y,3.56
2025-12-05,30Y,4.79
2025-12-05,3M,3.71
2025-12-05,3Y,3.59
2025-12-05,4M,3.73
2025-12-05,5Y,3.72
2025-12-05,6M,3.68
2025-12-05,7Y,3.90
2025-12-08,1.5M,3.79
2025-12-08,10Y,4.17
2025-12-08,1M,3.82
2025-12-08,1Y,3.61
2025-12-08,20Y,4.78
2025-12-08,2M,3.78
2025-12-08,2Y,3.57
2025-12-08,30Y,4.81
2025-12-08,3M,3.73
2025-12-08,3Y,3.59
2025-12-08,4M,3.73
2025-12-08,5Y,3.75
2025-12-08,6M,3.69
2025-12-08,7Y,3.94
2025-12-09,1.5M,3.80
2025-12-09,10Y,4.18
2025-12-09,1M,3.81
2025-12-09,1Y,3.63
2025-12-09,20Y,4.77
2025-12-09,2M,3.78
2025-12-09,2Y,3.61
2025-12-09,30Y,4.80
2025-12-09,3M,3.73
2025-12-09,3Y,3.62
2025-12-09,4M,3.73
2025-12-09,5Y,3.78
2025-12-09,6M,3.70
2025-12-09,7Y,3.96
2025-12-10,1.5M,3.78
2025-12-10,10Y,4.13
2025-12-10,1M,3.79
2025-12-10,1Y,3.58
2025-12-10,20Y,4.74
2025-12-10,2M,3.75
2025-12-10,2Y,3.54
2025-12-10,30Y,4.78
2025-12-10,3M,3.69
2025-12-10,3Y,3.56
2025-12-10,4M,3.69
2025-12-10,5Y,3.72
2025-12-10,6M,3.66
2025-12-10,7Y,3.92
2025-12-11,1.5M,3.77
2025-12-11,10Y,4.14
2025-12-11,1M,3.77
2025-12-11,1Y,3.56
2025-12-11,20Y,4.75
2025-12-11,2M,3.76
2025-12-11,2Y,3.52
2025-12-11,30Y,4.79
2025-12-11,3M,3.66
2025-12-11,3Y,3.55
2025-12-11,4M,3.67
2025-12-11,5Y,3.72
2025-12-11,6M,3.62
2025-12-11,7Y,3.91
2025-12-12,1.5M,3.75
2025-12-12,10Y,4.19
2025-12-12,1M,3.76
2025-12-12,1Y,3.54
2025-12-12,20Y,4.82
2025-12-12,2M,3.75
2025-12-12,2Y,3.52
2025-12-12,30Y,4.85
2025-12-12,3M,3.63
2025-12-12,3Y,3.58
2025-12-12,4M,3.64
2025-12-12,5Y,3.75
2025-12-12,6M,3.58
2025-12-12,7Y,3.95
2025-12-15,1.5M,3.76
2025-12-15,10Y,4.18
2025-12-15,1M,3.77
2025-12-15,1Y,3.52
2025-12-15,20Y,4.80
2025-12-15,2M,3.75
2025-12-15,2Y,3.51
2025-12-15,30Y,4.84
2025-12-15,3M,3.65
2025-12-15,3Y,3.56
2025-12-15,4M,3.65
2025-12-15,5Y,3.73
2025-12-15,6M,3.60
2025-12-15,7Y,3.94
2025-12-16,1.5M,3.77
2025-12-16,10Y,4.15
2025-12-16,1M,3.76
2025-12-16,1Y,3.51
2025-12-16,20Y,4.77
2025-12-16,2M,3.73
2025-12-16,2Y,3.48
2025-12-16,30Y,4.82
2025-12-16,3M,3.64
2025-12-16,3Y,3.52
2025-12-16,4M,3.64
2025-12-16,5Y,3.69
2025-12-16,6M,3.60
2025-12-16,7Y,3.90
2025-12-17,1.5M,3.74
2025-12-17,10Y,4.16
2025-12-17,1M,3.73
2025-12-17,1Y,3.51
2025-12-17,20Y,4.78
2025-12-17,2M,3.73
2025-12-17,2Y,3.49
2025-12-17,30Y,4.83
2025-12-17,3M,3.64
2025-12-17,3Y,3.53
2025-12-17,4M,3.65
2025-12-17,5Y,3.70
2025-12-17,6M,3.59
2025-12-17,7Y,3.91
2025-12-18,1.5M,3.71
2025-12-18,10Y,4.12
2025-12-18,1M,3.71
2025-12-18,1Y,3.49
2025-12-18,20Y,4.74
2025-12-18,2M,3.72
2025-12-18,2Y,3.46
2025-12-18,30Y,4.80
2025-12-18,3M,3.62
2025-12-18,3Y,3.50
2025-12-18,4M,3.63
2025-12-18,5Y,3.66
2025-12-18,6M,3.58
2025-12-18,7Y,3.87
2025-12-19,1.5M,3.71
2025-12-19,10Y,4.16
2025-12-19,1M,3.71
2025-12-19,1Y,3.51
2025-12-19,20Y,4.77
2025-12-19,2M,3.72
2025-12-19,2Y,3.48
2025-12-19,30Y,4.82
2025-12-19,3M,3.62
2025-12-19,3Y,3.53
2025-12-19,4M,3.64
2025-12-19,5Y,3.70
2025-12-19,6M,3.60
2025-12-19,7Y,3.91
2025-12-22,1.5M,3.71
2025-12-22,10Y,4.17
2025-12-22,1M,3.72
2025-12-22,1Y,3.53
2025-12-22,20Y,4.78
2025-12-22,2M,3.71
2025-12-22,2Y,3.44
2025-12-22,30Y,4.84
2025-12-22,3M,3.64
2025-12-22,3Y,3.56
2025-12-22,4M,3.65
2025-12-22,5Y,3.71
2025-12-22,6M,3.60
2025-12-22,7Y,3.93
2025-12-23,1.5M,3.72
2025-12-23,10Y,4.18
2025-12-23,1M,3.71
2025-12-23,1Y,3.52
2025-12-23,20Y,4.78
2025-12-23,2M,3.70
2025-12-23,2Y,3.48
2025-12-23,30Y,4.83
2025-12-23,3M,3.65
2025-12-23,3Y,3.58
2025-12-23,4M,3.66
2025-12-23,5Y,3.72
2025-12-23,6M,3.59
2025-12-23,7Y,3.94
2025-12-24,1.5M,3.73
2025-12-24,10Y,4.15
2025-12-24,1M,3.72
2025-12-24,1Y,3.50
2025-12-24,20Y,4.75
2025-12-24,2M,3.74
2025-12-24,2Y,3.47
2025-12-24,30Y,4.79
2025-12-24,3M,3.69
2025-12-24,3Y,3.56
2025-12-24,4M,3.67
2025-12-24,5Y,3.70
2025-12-24,6M,3.59
2025-12-24,7Y,3.91
2025-12-26,1.5M,3.69
2025-12-26,10Y,4.14
2025-12-26,1M,3.70
2025-12-26,1Y,3.49
2025-12-26,20Y,4.76
2025-12-26,2M,3.72
2025-12-26,2Y,3.46
2025-12-26,30Y,4.81
2025-12-26,3M,3.64
2025-12-26,3Y,3.54
2025-12-26,4M,3.66
2025-12-26,5Y,3.68
2025-12-26,6M,3.58
2025-12-26,7Y,3.89
2025-12-29,1.5M,3.70
2025-12-29,10Y,4.12
2025-12-29,1M,3.69
2025-12-29,1Y,3.48
2025-12-29,20Y,4.75
2025-12-29,2M,3.70
2025-12-29,2Y,3.45
2025-12-29,30Y,4.80
2025-12-29,3M,3.68
2025-12-29,3Y,3.51
2025-12-29,4M,3.66
2025-12-29,5Y,3.67
2025-12-29,6M,3.59
2025-12-29,7Y,3.88
2025-12-30,1.5M,3.71
2025-12-30,10Y,4.14
2025-12-30,1M,3.65
2025-12-30,1Y,3.47
2025-12-30,20Y,4.76
2025-12-30,2M,3.65
2025-12-30,2Y,3.45
2025-12-30,30Y,4.81
2025-12-30,3M,3.65
2025-12-30,3Y,3.50
2025-12-30,4M,3.63
2025-12-30,5Y,3.68
2025-12-30,6M,3.59
2025-12-30,7Y,3.89
2025-12-31,1.5M,3.75
2025-12-31,10Y,4.18
2025-12-31,1M,3.74
2025-12-31,1Y,3.48
2025-12-31,20Y,4.79
2025-12-31,2M,3.67
2025-12-31,2Y,3.47
2025-12-31,30Y,4.84
2025-12-31,3M,3.67
2025-12-31,3Y,3.55
2025-12-31,4M,3.63
2025-12-31,5Y,3.73
2025-12-31,6M,3.59
2025-12-31,7Y,3.94
2026-01-02,1.5M,3.71
2026-01-02,10Y,4.19
2026-01-02,1M,3.72
2026-01-02,1Y,3.47
2026-01-02,20Y,4.81
2026-01-02,2M,3.66
2026-01-02,2Y,3.47
2026-01-02,30Y,4.86
2026-01-02,3M,3.65
2026-01-02,3Y,3.55
2026-01-02,4M,3.62
2026-01-02,5Y,3.74
2026-01-02,6M,3.58
2026-01-02,7Y,3.95
2026-01-05,1.5M,3.68
2026-01-05,10Y,4.17
2026-01-05,1M,3.71
2026-01-05,1Y,3.47
2026-01-05,20Y,4.79
2026-01-05,2M,3.64
2026-01-05,2Y,3.46
2026-01-05,30Y,4.85
2026-01-05,3M,3.64
2026-01-05,3Y,3.53
2026-01-05,4M,3.61
2026-01-05,5Y,3.71
2026-01-05,6M,3.57
2026-01-05,7Y,3.92
2026-01-06,1.5M,3.70
2026-01-06,10Y,4.18
2026-01-06,1M,3.70
2026-01-06,1Y,3.48
2026-01-06,20Y,4.80
2026-01-06,2M,3.61
2026-01-06,2Y,3.47
2026-01-06,30Y,4.86
2026-01-06,3M,3.63
2026-01-06,3Y,3.54
2026-01-06,4M,3.58
2026-01-06,5Y,3.72
2026-01-06,6M,3.56
2026-01-06,7Y,3.93
2026-01-07,1.5M,3.69
2026-01-07,10Y,4.15
2026-01-07,1M,3.70
2026-01-07,1Y,3.48
2026-01-07,20Y,4.76
2026-01-07,2M,3.60
2026-01-07,2Y,3.47
2026-01-07,30Y,4.82
2026-01-07,3M,3.62
2026-01-07,3Y,3.53
2026-01-07,4M,3.60
2026-01-07,5Y,3.70
2026-01-07,6M,3.56
2026-01-07,7Y,3.91
2026-01-08,1.5M,3.69
2026-01-08,10Y,4.19
2026-01-08,1M,3.70
2026-01-08,1Y,3.48
2026-01-08,20Y,4.79
2026-01-08,2M,3.63
2026-01-08,2Y,3.49
2026-01-08,30Y,4.85
2026-01-08,3M,3.62
2026-01-08,3Y,3.56
2026-01-08,4M,3.60
2026-01-08,5Y,3.74
2026-01-08,6M,3.56
2026-01-08,7Y,3.95
2026-01-09,1.5M,3.68
2026-01-09,10Y,4.18
2026-01-09,1M,3.70
2026-01-09,1Y,3.52
2026-01-09,20Y,4.76
2026-01-09,2M,3.63
2026-01-09,2Y,3.54
2026-01-09,30Y,4.82
2026-01-09,3M,3.62
2026-01-09,3Y,3.59
2026-01-09,4M,3.62
2026-01-09,5Y,3.75
2026-01-09,6M,3.57
2026-01-09,7Y,3.95
2026-01-12,1.5M,3.68
2026-01-12,10Y,4.19
2026-01-12,1M,3.71
2026-01-12,1Y,3.53
2026-01-12,20Y,4.78
2026-01-12,2M,3.64
2026-01-12,2Y,3.54
2026-01-12,30Y,4.83
2026-01-12,3M,3.67
2026-01-12,3Y,3.59
2026-01-12,4M,3.63
2026-01-12,5Y,3.77
2026-01-12,6M,3.58
2026-01-12,7Y,3.97
2026-01-13,1.5M,3.72
2026-01-13,10Y,4.18
2026-01-13,1M,3.72
2026-01-13,1Y,3.51
2026-01-13,20Y,4.77
2026-01-13,2M,3.66
2026-01-13,2Y,3.53
2026-01-13,30Y,4.83
2026-01-13,3M,3.67
2026-01-13,3Y,3.57
2026-01-13,4M,3.63
2026-01-13,5Y,3.75
2026-01-13,6M,3.59
2026-01-13,7Y,3.95
2026-01-14,1.5M,3.71
2026-01-14,10Y,4.15
2026-01-14,1M,3.72
2026-01-14,1Y,3.50
2026-01-14,20Y,4.73
2026-01-14,2M,3.66
2026-01-14,2Y,3.51
2026-01-14,30Y,4.79
2026-01-14,3M,3.67
2026-01-14,3Y,3.56
2026-01-14,4M,3.65
2026-01-14,5Y,3.72
2026-01-14,6M,3.58
2026-01-14,7Y,3.92
2026-01-15,1.5M,3.73
2026-01-15,10Y,4.17
2026-01-15,1M,3.75
2026-01-15,1Y,3.54
2026-01-15,20Y,4.74
2026-01-15,2M,3.69
2026-01-15,2Y,3.56
2026-01-15,30Y,4.79
2026-01-15,3M,3.68
2026-01-15,3Y,3.62
2026-01-15,4M,3.66
2026-01-15,5Y,3.77
2026-01-15,6M,3.60
2026-01-15,7Y,3.96
2026-01-16,1.5M,3.72
2026-01-16,10Y,4.24
2026-01-16,1M,3.75
2026-01-16,1Y,3.55
2026-01-16,20Y,4.79
2026-01-16,2M,3.68
2026-01-16,2Y,3.59
2026-01-16,30Y,4.83
2026-01-16,3M,3.67
2026-01-16,3Y,3.67
2026-01-16,4M,3.66
2026-01-16,5Y,3.82
2026-01-16,6M,3.60
2026-01-16,7Y,4.02
2026-01-20,1.5M,3.71
2026-01-20,10Y,4.30
2026-01-20,1M,3.75
2026-01-20,1Y,3.53
2026-01-20,20Y,4.87
2026-01-20,2M,3.69
2026-01-20,2Y,3.60
2026-01-20,30Y,4.91
2026-01-20,3M,3.70
2026-01-20,3Y,3.68
2026-01-20,4M,3.65
2026-01-20,5Y,3.86
2026-01-20,6M,3.61
2026-01-20,7Y,4.08
2026-01-21,1.5M,3.71
2026-01-21,10Y,4.26
2026-01-21,1M,3.75
2026-01-21,1Y,3.53
2026-01-21,20Y,4.82
2026-01-21,2M,3.70
2026-01-21,2Y,3.60
2026-01-21,30Y,4.87
2026-01-21,3M,3.70
2026-01-21,3Y,3.66
2026-01-21,4M,3.67
2026-01-21,5Y,3.83
2026-01-21,6M,3.62
2026-01-21,7Y,4.04
2026-01-22,1.5M,3.71
2026-01-22,10Y,4.26
2026-01-22,1M,3.79
2026-01-22,1Y,3.53
2026-01-22,20Y,4.79
2026-01-22,2M,3.72
2026-01-22,2Y,3.61
2026-01-22,30Y,4.84
2026-01-22,3M,3.71
2026-01-22,3Y,3.68
2026-01-22,4M,3.67
2026-01-22,5Y,3.85
2026-01-22,6M,3.61
2026-01-22,7Y,4.05
2026-01-23,1.5M,3.71
2026-01-23,10Y,4.24
2026-01-23,1M,3.78
2026-01-23,1Y,3.53
2026-01-23,20Y,4.78
2026-01-23,2M,3.72
2026-01-23,2Y,3.60
2026-01-23,30Y,4.82
2026-01-23,3M,3.70
2026-01-23,3Y,3.67
2026-01-23,4M,3.67
2026-01-23,5Y,3.84
2026-01-23,6M,3.61
2026-01-23,7Y,4.03
2026-01-26,1.5M,3.71
2026-01-26,10Y,4.22
2026-01-26,1M,3.77
2026-01-26,1Y,3.52
2026-01-26,20Y,4.75
2026-01-26,2M,3.70
2026-01-26,2Y,3.56
2026-01-26,30Y,4.80
2026-01-26,3M,3.67
2026-01-26,3Y,3.66
2026-01-26,4M,3.67
2026-01-26,5Y,3.82
2026-01-26,6M,3.62
2026-01-26,7Y,4.02
2026-01-27,1.5M,3.72
2026-01-27,10Y,4.24
2026-01-27,1M,3.77
2026-01-27,1Y,3.50
2026-01-27,20Y,4.79
2026-01-27,2M,3.70
2026-01-27,2Y,3.53
2026-01-27,30Y,4.83
2026-01-27,3M,3.67
2026-01-27,3Y,3.65
2026-01-27,4M,3.66
2026-01-27,5Y,3.81
2026-01-27,6M,3.61
2026-01-27,7Y,4.03
2026-01-28,1.5M,3.72
2026-01-28,10Y,4.26
2026-01-28,1M,3.76
2026-01-28,1Y,3.52
2026-01-28,20Y,4.81
2026-01-28,2M,3.71
2026-01-28,2Y,3.56
2026-01-28,30Y,4.85
2026-01-28,3M,3.68
2026-01-28,3Y,3.66
2026-01-28,4M,3.70
2026-01-28,5Y,3.83
2026-01-28,6M,3.63
2026-01-28,7Y,4.05
2026-01-29,1.5M,3.73
2026-01-29,10Y,4.24
2026-01-29,1M,3.72
2026-01-29,1Y,3.50
2026-01-29,20Y,4.80
2026-01-29,2M,3.75
2026-01-29,2Y,3.53
2026-01-29,30Y,4.85
2026-01-29,3M,3.67
2026-01-29,3Y,3.63
2026-01-29,4M,3.69
2026-01-29,5Y,3.80
2026-01-29,6M,3.62
2026-01-29,7Y,4.01
2026-01-30,1.5M,3.73
2026-01-30,10Y,4.26
2026-01-30,1M,3.72
2026-01-30,1Y,3.48
2026-01-30,20Y,4.82
2026-01-30,2M,3.75
2026-01-30,2Y,3.52
2026-01-30,30Y,4.87
2026-01-30,3M,3.67
2026-01-30,3Y,3.60
2026-01-30,4M,3.69
2026-01-30,5Y,3.79
2026-01-30,6M,3.61
2026-01-30,7Y,4.01
2026-02-02,1.5M,3.72
2026-02-02,10Y,4.29
2026-02-02,1M,3.72
2026-02-02,1Y,3.49
2026-02-02,20Y,4.85
2026-02-02,2M,3.74
2026-02-02,2Y,3.57
2026-02-02,30Y,4.90
2026-02-02,3M,3.69
2026-02-02,3Y,3.64
2026-02-02,4M,3.70
2026-02-02,5Y,3.83
2026-02-02,6M,3.62
2026-02-02,7Y,4.05
2026-02-03,1.5M,3.72
2026-02-03,10Y,4.28
2026-02-03,1M,3.72
2026-02-03,1Y,3.49
2026-02-03,20Y,4.85
2026-02-03,2M,3.74
2026-02-03,2Y,3.57
2026-02-03,30Y,4.90
2026-02-03,3M,3.69
2026-02-03,3Y,3.64
2026-02-03,4M,3.70
2026-02-03,5Y,3.83
2026-02-03,6M,3.62
2026-02-03,7Y,4.04
2026-02-04,1.5M,3.72
2026-02-04,10Y,4.29
2026-02-04,1M,3.72
2026-02-04,1Y,3.49
2026-02-04,20Y,4.86
2026-02-04,2M,3.74
2026-02-04,2Y,3.57
2026-02-04,30Y,4.91
2026-02-04,3M,3.69
2026-02-04,3Y,3.64
2026-02-04,4M,3.70
2026-02-04,5Y,3.83
2026-02-04,6M,3.62
2026-02-04,7Y,4.05
2026-02-05,1.5M,3.71
2026-02-05,10Y,4.21
2026-02-05,1M,3.72
2026-02-05,1Y,3.44
2026-02-05,20Y,4.79
2026-02-05,2M,3.74
2026-02-05,2Y,3.47
2026-02-05,30Y,4.85
2026-02-05,3M,3.67
2026-02-05,3Y,3.55
2026-02-05,4M,3.68
2026-02-05,5Y,3.74
2026-02-05,6M,3.58
2026-02-05,7Y,3.97
2026-02-06,1.5M,3.72
2026-02-06,10Y,4.22
2026-02-06,1M,3.72
2026-02-06,1Y,3.45
2026-02-06,20Y,4.80
2026-02-06,2M,3.74
2026-02-06,2Y,3.50
2026-02-06,30Y,4.85
2026-02-06,3M,3.68
2026-02-06,3Y,3.57
2026-02-06,4M,3.70
2026-02-06,5Y,3.76
2026-02-06,6M,3.59
2026-02-06,7Y,3.98
2026-02-09,1.5M,3.72
2026-02-09,10Y,4.22
2026-02-09,1M,3.72
2026-02-09,1Y,3.43
2026-02-09,20Y,4.79
2026-02-09,2M,3.73
2026-02-09,2Y,3.48
2026-02-09,30Y,4.85
2026-02-09,3M,3.69
2026-02-09,3Y,3.56
2026-02-09,4M,3.70
2026-02-09,5Y,3.75
2026-02-09,6M,3.59
2026-02-09,7Y,3.97
2026-02-10,1.5M,3.72
2026-02-10,10Y,4.16
2026-02-10,1M,3.72
2026-02-10,1Y,3.40
2026-02-10,20Y,4.73
2026-02-10,2M,3.74
2026-02-10,2Y,3.45
2026-02-10,30Y,4.78
2026-02-10,3M,3.69
2026-02-10,3Y,3.50
2026-02-10,4M,3.69
2026-02-10,5Y,3.70
2026-02-10,6M,3.58
2026-02-10,7Y,3.92
2026-02-11,1.5M,3.71
2026-02-11,10Y,4.18
2026-02-11,1M,3.71
2026-02-11,1Y,3.47
2026-02-11,20Y,4.76
2026-02-11,2M,3.73
2026-02-11,2Y,3.52
2026-02-11,30Y,4.82
2026-02-11,3M,3.70
2026-02-11,3Y,3.55
2026-02-11,4M,3.70
2026-02-11,5Y,3.75
2026-02-11,6M,3.60
2026-02-11,7Y,3.96
2026-02-12,1.5M,3.71
2026-02-12,10Y,4.09
2026-02-12,1M,3.72
2026-02-12,1Y,3.45
2026-02-12,20Y,4.68
2026-02-12,2M,3.74
2026-02-12,2Y,3.47
2026-02-12,30Y,4.72
2026-02-12,3M,3.70
2026-02-12,3Y,3.49
2026-02-12,4M,3.70
2026-02-12,5Y,3.67
2026-02-12,6M,3.58
2026-02-12,7Y,3.87
2026-02-13,1.5M,3.71
2026-02-13,10Y,4.04
2026-02-13,1M,3.72
2026-02-13,1Y,3.42
2026-02-13,20Y,4.64
2026-02-13,2M,3.73
2026-02-13,2Y,3.40
2026-02-13,30Y,4.69
2026-02-13,3M,3.68
2026-02-13,3Y,3.43
2026-02-13,4M,3.70
2026-02-13,5Y,3.61
2026-02-13,6M,3.59
2026-02-13,7Y,3.81
2026-02-17,1.5M,3.75
2026-02-17,10Y,4.05
2026-02-17,1M,3.72
2026-02-17,1Y,3.48
2026-02-17,20Y,4.63
2026-02-17,2M,3.73
2026-02-17,2Y,3.43
2026-02-17,30Y,4.68
2026-02-17,3M,3.69
2026-02-17,3Y,3.47
2026-02-17,4M,3.70
2026-02-17,5Y,3.63
2026-02-17,6M,3.59
2026-02-17,7Y,3.82
2026-02-18,1.5M,3.74
2026-02-18,10Y,4.09
2026-02-18,1M,3.71
2026-02-18,1Y,3.49
2026-02-18,20Y,4.65
2026-02-18,2M,3.73
2026-02-18,2Y,3.47
2026-02-18,30Y,4.71
2026-02-18,3M,3.70
2026-02-18,3Y,3.50
2026-02-18,4M,3.70
2026-02-18,5Y,3.66
2026-02-18,6M,3.60
2026-02-18,7Y,3.86
2026-02-19,1.5M,3.74
2026-02-19,10Y,4.08
2026-02-19,1M,3.72
2026-02-19,1Y,3.50
2026-02-19,20Y,4.64
2026-02-19,2M,3.75
2026-02-19,2Y,3.47
2026-02-19,30Y,4.70
2026-02-19,3M,3.69
2026-02-19,3Y,3.50
2026-02-19,4M,3.70
2026-02-19,5Y,3.65
2026-02-19,6M,3.60
2026-02-19,7Y,3.85
2026-02-20,1.5M,3.73
2026-02-20,10Y,4.08
2026-02-20,1M,3.72
2026-02-20,1Y,3.51
2026-02-20,20Y,4.66
2026-02-20,2M,3.74
2026-02-20,2Y,3.48
2026-02-20,30Y,4.72
2026-02-20,3M,3.69
2026-02-20,3Y,3.50
2026-02-20,4M,3.71
2026-02-20,5Y,3.65
2026-02-20,6M,3.61
2026-02-20,7Y,3.85
2026-02-23,1.5M,3.74
2026-02-23,10Y,4.03
2026-02-23,1M,3.72
2026-02-23,1Y,3.50
2026-02-23,20Y,4.63
2026-02-23,2M,3.74
2026-02-23,2Y,3.43
2026-02-23,30Y,4.70
2026-02-23,3M,3.69
2026-02-23,3Y,3.45
2026-02-23,4M,3.70
2026-02-23,5Y,3.59
2026-02-23,6M,3.62
2026-02-23,7Y,3.79
2026-02-24,1.5M,3.75
2026-02-24,10Y,4.04
2026-02-24,1M,3.72
2026-02-24,1Y,3.52
2026-02-24,20Y,4.63
2026-02-24,2M,3.73
2026-02-24,2Y,3.43
2026-02-24,30Y,4.70
2026-02-24,3M,3.69
2026-02-24,3Y,3.47
2026-02-24,4M,3.70
2026-02-24,5Y,3.61
2026-02-24,6M,3.62
2026-02-24,7Y,3.81
2026-02-25,1.5M,3.74
2026-02-25,10Y,4.05
2026-02-25,1M,3.71
2026-02-25,1Y,3.53
2026-02-25,20Y,4.63
2026-02-25,2M,3.73
2026-02-25,2Y,3.45
2026-02-25,30Y,4.70
2026-02-25,3M,3.69
2026-02-25,3Y,3.49
2026-02-25,4M,3.68
2026-02-25,5Y,3.61
2026-02-25,6M,3.62
2026-02-25,7Y,3.82
2026-02-26,1.5M,3.74
2026-02-26,10Y,4.02
2026-02-26,1M,3.74
2026-02-26,1Y,3.52
2026-02-26,20Y,4.60
2026-02-26,2M,3.75
2026-02-26,2Y,3.42
2026-02-26,30Y,4.67
2026-02-26,3M,3.68
2026-02-26,3Y,3.46
2026-02-26,4M,3.68
2026-02-26,5Y,3.57
2026-02-26,6M,3.61
2026-02-26,7Y,3.78
2026-02-27,1.5M,3.73
2026-02-27,10Y,3.97
2026-02-27,1M,3.74
2026-02-27,1Y,3.48
2026-02-27,20Y,4.57
2026-02-27,2M,3.73
2026-02-27,2Y,3.38
2026-02-27,30Y,4.64
2026-02-27,3M,3.67
2026-02-27,3Y,3.39
2026-02-27,4M,3.67
2026-02-27,5Y,3.51
2026-02-27,6M,3.60
2026-02-27,7Y,3.72
2026-03-02,1.5M,3.74
2026-03-02,10Y,4.05
2026-03-02,1M,3.74
2026-03-02,1Y,3.54
2026-03-02,20Y,4.64
2026-03-02,2M,3.74
2026-03-02,2Y,3.47
2026-03-02,30Y,4.70
2026-03-02,3M,3.72
2026-03-02,3Y,3.49
2026-03-02,4M,3.68
2026-03-02,5Y,3.62
2026-03-02,6M,3.68
2026-03-02,7Y,3.82
2026-03-03,1.5M,3.75
2026-03-03,10Y,4.06
2026-03-03,1M,3.75
2026-03-03,1Y,3.55
2026-03-03,20Y,4.65
2026-03-03,2M,3.74
2026-03-03,2Y,3.51
2026-03-03,30Y,4.70
2026-03-03,3M,3.71
2026-03-03,3Y,3.50
2026-03-03,4M,3.67
2026-03-03,5Y,3.63
2026-03-03,6M,3.68
2026-03-03,7Y,3.83
2026-03-04,1.5M,3.75
2026-03-04,10Y,4.09
2026-03-04,1M,3.75
2026-03-04,1Y,3.58
2026-03-04,20Y,4.67
2026-03-04,2M,3.75
2026-03-04,2Y,3.54
2026-03-04,30Y,4.72
2026-03-04,3M,3.71
2026-03-04,3Y,3.55
2026-03-04,4M,3.68
2026-03-04,5Y,3.67
2026-03-04,6M,3.68
2026-03-04,7Y,3.87
2026-03-05,1.5M,3.74
2026-03-05,10Y,4.13
2026-03-05,1M,3.75
2026-03-05,1Y,3.59
2026-03-05,20Y,4.71
2026-03-05,2M,3.72
2026-03-05,2Y,3.57
2026-03-05,30Y,4.74
2026-03-05,3M,3.70
2026-03-05,3Y,3.59
2026-03-05,4M,3.68
2026-03-05,5Y,3.72
2026-03-05,6M,3.68
2026-03-05,7Y,3.92
2026-03-06,1.5M,3.74
2026-03-06,10Y,4.15
2026-03-06,1M,3.75
2026-03-06,1Y,3.55
2026-03-06,20Y,4.74
2026-03-06,2M,3.72
2026-03-06,2Y,3.56
2026-03-06,30Y,4.77
2026-03-06,3M,3.69
2026-03-06,3Y,3.59
2026-03-06,4M,3.67
2026-03-06,5Y,3.72
2026-03-06,6M,3.66
2026-03-06,7Y,3.93
2026-03-09,1.5M,3.73
2026-03-09,10Y,4.12
2026-03-09,1M,3.75
2026-03-09,1Y,3.56
2026-03-09,20Y,4.70
2026-03-09,2M,3.72
2026-03-09,2Y,3.56
2026-03-09,30Y,4.72
2026-03-09,3M,3.71
2026-03-09,3Y,3.58
2026-03-09,4M,3.68
2026-03-09,5Y,3.71
2026-03-09,6M,3.68
2026-03-09,7Y,3.90
2026-03-10,1.5M,3.74
2026-03-10,10Y,4.15
2026-03-10,1M,3.75
2026-03-10,1Y,3.56
2026-03-10,20Y,4.74
2026-03-10,2M,3.71
2026-03-10,2Y,3.57
2026-03-10,30Y,4.78
2026-03-10,3M,3.71
2026-03-10,3Y,3.58
2026-03-10,4M,3.69
2026-03-10,5Y,3.73
2026-03-10,6M,3.68
2026-03-10,7Y,3.93
2026-03-11,1.5M,3.73
2026-03-11,10Y,4.21
2026-03-11,1M,3.75
2026-03-11,1Y,3.60
2026-03-11,20Y,4.82
2026-03-11,2M,3.70
2026-03-11,2Y,3.64
2026-03-11,30Y,4.86
2026-03-11,3M,3.71
2026-03-11,3Y,3.64
2026-03-11,4M,3.69
2026-03-11,5Y,3.79
2026-03-11,6M,3.68
2026-03-11,7Y,3.98
2026-03-12,1.5M,3.74
2026-03-12,10Y,4.27
2026-03-12,1M,3.76
2026-03-12,1Y,3.66
2026-03-12,20Y,4.86
2026-03-12,2M,3.72
2026-03-12,2Y,3.76
2026-03-12,30Y,4.88
2026-03-12,3M,3.72
2026-03-12,3Y,3.75
2026-03-12,4M,3.69
2026-03-12,5Y,3.88
2026-03-12,6M,3.70
2026-03-12,7Y,4.06
2026-03-13,1.5M,3.74
2026-03-13,10Y,4.28
2026-03-13,1M,3.75
2026-03-13,1Y,3.66
2026-03-13,20Y,4.89
2026-03-13,2M,3.71
2026-03-13,2Y,3.73
2026-03-13,30Y,4.90
2026-03-13,3M,3.72
2026-03-13,3Y,3.74
2026-03-13,4M,3.69
2026-03-13,5Y,3.87
2026-03-13,6M,3.70
2026-03-13,7Y,4.07
2026-03-16,1.5M,3.73
2026-03-16,10Y,4.23
2026-03-16,1M,3.75
2026-03-16,1Y,3.64
2026-03-16,20Y,4.83
2026-03-16,2M,3.72
2026-03-16,2Y,3.68
2026-03-16,30Y,4.86
2026-03-16,3M,3.72
2026-03-16,3Y,3.69
2026-03-16,4M,3.69
2026-03-16,5Y,3.80
2026-03-16,6M,3.72
2026-03-16,7Y,4.00
2026-03-17,1.5M,3.72
2026-03-17,10Y,4.20
2026-03-17,1M,3.74
2026-03-17,1Y,3.63
2026-03-17,20Y,4.81
2026-03-17,2M,3.72
2026-03-17,2Y,3.68
2026-03-17,30Y,4.85
2026-03-17,3M,3.72
2026-03-17,3Y,3.68
2026-03-17,4M,3.69
2026-03-17,5Y,3.79
2026-03-17,6M,3.71
2026-03-17,7Y,3.98
2026-03-18,1.5M,3.72
2026-03-18,10Y,4.26
2026-03-18,1M,3.73
2026-03-18,1Y,3.68
2026-03-18,20Y,4.84
2026-03-18,2M,3.72
2026-03-18,2Y,3.76
2026-03-18,30Y,4.88
2026-03-18,3M,3.73
2026-03-18,3Y,3.76
2026-03-18,4M,3.71
2026-03-18,5Y,3.87
2026-03-18,6M,3.74
2026-03-18,7Y,4.05
2026-03-19,1.5M,3.71
2026-03-19,10Y,4.25
2026-03-19,1M,3.73
2026-03-19,1Y,3.73
2026-03-19,20Y,4.82
2026-03-19,2M,3.72
2026-03-19,2Y,3.79
2026-03-19,30Y,4.83
2026-03-19,3M,3.73
2026-03-19,3Y,3.79
2026-03-19,4M,3.71
2026-03-19,5Y,3.88
2026-03-19,6M,3.76
2026-03-19,7Y,4.06
2026-03-20,1.5M,3.71
2026-03-20,10Y,4.39
2026-03-20,1M,3.73
2026-03-20,1Y,3.80
2026-03-20,20Y,4.97
2026-03-20,2M,3.72
2026-03-20,2Y,3.88
2026-03-20,30Y,4.96
2026-03-20,3M,3.74
2026-03-20,3Y,3.90
2026-03-20,4M,3.73
2026-03-20,5Y,4.01
2026-03-20,6M,3.79
2026-03-20,7Y,4.20
2026-03-23,1.5M,3.71
2026-03-23,10Y,4.34
2026-03-23,1M,3.73
2026-03-23,1Y,3.76
2026-03-23,20Y,4.93
2026-03-23,2M,3.72
2026-03-23,2Y,3.83
2026-03-23,30Y,4.91
2026-03-23,3M,3.74
2026-03-23,3Y,3.85
2026-03-23,4M,3.72
2026-03-23,5Y,3.95
2026-03-23,6M,3.77
2026-03-23,7Y,4.15
2026-03-24,1.5M,3.72
2026-03-24,10Y,4.39
2026-03-24,1M,3.74
2026-03-24,1Y,3.81
2026-03-24,20Y,4.95
2026-03-24,2M,3.72
2026-03-24,2Y,3.90
2026-03-24,30Y,4.94
2026-03-24,3M,3.74
2026-03-24,3Y,3.93
2026-03-24,4M,3.73
2026-03-24,5Y,4.03
2026-03-24,6M,3.78
2026-03-24,7Y,4.21
2026-03-25,1.5M,3.72
2026-03-25,10Y,4.33
2026-03-25,1M,3.73
2026-03-25,1Y,3.77
2026-03-25,20Y,4.90
2026-03-25,2M,3.72
2026-03-25,2Y,3.84
2026-03-25,30Y,4.89
2026-03-25,3M,3.73
2026-03-25,3Y,3.88
2026-03-25,4M,3.72
2026-03-25,5Y,3.96
2026-03-25,6M,3.76
2026-03-25,7Y,4.15
2026-03-26,1.5M,3.73
2026-03-26,10Y,4.42
2026-03-26,1M,3.74
2026-03-26,1Y,3.83
2026-03-26,20Y,4.96
2026-03-26,2M,3.73
2026-03-26,2Y,3.96
2026-03-26,30Y,4.93
2026-03-26,3M,3.73
2026-03-26,3Y,4.00
2026-03-26,4M,3.73
2026-03-26,5Y,4.08
2026-03-26,6M,3.77
2026-03-26,7Y,4.25
2026-03-27,1.5M,3.73
2026-03-27,10Y,4.44
2026-03-27,1M,3.74
2026-03-27,1Y,3.77
2026-03-27,20Y,4.99
2026-03-27,2M,3.72
2026-03-27,2Y,3.88
2026-03-27,30Y,4.98
2026-03-27,3M,3.73
2026-03-27,3Y,3.94
2026-03-27,4M,3.72
2026-03-27,5Y,4.06
2026-03-27,6M,3.75
2026-03-27,7Y,4.25
2026-03-30,1.5M,3.72
2026-03-30,10Y,4.35
2026-03-30,1M,3.74
2026-03-30,1Y,3.71
2026-03-30,20Y,4.92
2026-03-30,2M,3.71
2026-03-30,2Y,3.82
2026-03-30,30Y,4.91
2026-03-30,3M,3.71
2026-03-30,3Y,3.85
2026-03-30,4M,3.71
2026-03-30,5Y,3.97
2026-03-30,6M,3.73
2026-03-30,7Y,4.16
2026-03-31,1.5M,3.73
2026-03-31,10Y,4.30
2026-03-31,1M,3.74
2026-03-31,1Y,3.68
2026-03-31,20Y,4.88
2026-03-31,2M,3.72
2026-03-31,2Y,3.79
2026-03-31,30Y,4.88
2026-03-31,3M,3.70
2026-03-31,3Y,3.81
2026-03-31,4M,3.70
2026-03-31,5Y,3.92
2026-03-31,6M,3.72
2026-03-31,7Y,4.11
2026-04-01,1.5M,3.72
2026-04-01,10Y,4.33
2026-04-01,1M,3.74
2026-04-01,1Y,3.68
2026-04-01,20Y,4.91
2026-04-01,2M,3.71
2026-04-01,2Y,3.81
2026-04-01,30Y,4.91
2026-04-01,3M,3.70
2026-04-01,3Y,3.84
2026-04-01,4M,3.70
2026-04-01,5Y,3.97
2026-04-01,6M,3.72
2026-04-01,7Y,4.15
2026-04-02,1.5M,3.72
2026-04-02,10Y,4.31
2026-04-02,1M,3.72
2026-04-02,1Y,3.68
2026-04-02,20Y,4.88
2026-04-02,2M,3.73
2026-04-02,2Y,3.79
2026-04-02,30Y,4.88
2026-04-02,3M,3.70
2026-04-02,3Y,3.82
2026-04-02,4M,3.71
2026-04-02,5Y,3.94
2026-04-02,6M,3.72
2026-04-02,7Y,4.12
2026-04-03,1.5M,3.73
2026-04-03,10Y,4.35
2026-04-03,1M,3.71
2026-04-03,1Y,3.72
2026-04-03,20Y,4.91
2026-04-03,2M,3.73
2026-04-03,2Y,3.84
2026-04-03,30Y,4.91
2026-04-03,3M,3.71
2026-04-03,3Y,3.88
2026-04-03,4M,3.71
2026-04-03,5Y,3.99
2026-04-03,6M,3.73
2026-04-03,7Y,4.17
2026-04-06,1.5M,3.72
2026-04-06,10Y,4.34
2026-04-06,1M,3.72
2026-04-06,1Y,3.72
2026-04-06,20Y,4.89
2026-04-06,2M,3.74
2026-04-06,2Y,3.84
2026-04-06,30Y,4.89
2026-04-06,3M,3.72
2026-04-06,3Y,3.88
2026-04-06,4M,3.72
2026-04-06,5Y,3.98
2026-04-06,6M,3.74
2026-04-06,7Y,4.16
2026-04-07,1.5M,3.70
2026-04-07,10Y,4.33
2026-04-07,1M,3.68
2026-04-07,1Y,3.68
2026-04-07,20Y,4.90
2026-04-07,2M,3.72
2026-04-07,2Y,3.81
2026-04-07,30Y,4.90
2026-04-07,3M,3.71
2026-04-07,3Y,3.82
2026-04-07,4M,3.71
2026-04-07,5Y,3.95
2026-04-07,6M,3.73
2026-04-07,7Y,4.13
2026-04-08,1.5M,3.69
2026-04-08,10Y,4.29
2026-04-08,1M,3.67
2026-04-08,1Y,3.69
2026-04-08,20Y,4.87
2026-04-08,2M,3.71
2026-04-08,2Y,3.79
2026-04-08,30Y,4.89
2026-04-08,3M,3.69
2026-04-08,3Y,3.78
2026-04-08,4M,3.69
2026-04-08,5Y,3.92
2026-04-08,6M,3.73
2026-04-08,7Y,4.10
2026-04-09,1.5M,3.67
2026-04-09,10Y,4.29
2026-04-09,1M,3.66
2026-04-09,1Y,3.68
2026-04-09,20Y,4.88
2026-04-09,2M,3.69
2026-04-09,2Y,3.78
2026-04-09,30Y,4.90
2026-04-09,3M,3.68
2026-04-09,3Y,3.77
2026-04-09,4M,3.68
2026-04-09,5Y,3.91
2026-04-09,6M,3.71
2026-04-09,7Y,4.10
2026-04-10,1.5M,3.69
2026-04-10,10Y,4.31
2026-04-10,1M,3.67
2026-04-10,1Y,3.70
2026-04-10,20Y,4.89
2026-04-10,2M,3.70
2026-04-10,2Y,3.81
2026-04-10,30Y,4.91
2026-04-10,3M,3.69
2026-04-10,3Y,3.80
2026-04-10,4M,3.69
2026-04-10,5Y,3.94
2026-04-10,6M,3.72
2026-04-10,7Y,4.12
2026-04-13,1.5M,3.71
2026-04-13,10Y,4.30
2026-04-13,1M,3.69
2026-04-13,1Y,3.70
2026-04-13,20Y,4.88
2026-04-13,2M,3.71
2026-04-13,2Y,3.78
2026-04-13,30Y,4.90
2026-04-13,3M,3.71
2026-04-13,3Y,3.79
2026-04-13,4M,3.70
2026-04-13,5Y,3.92
2026-04-13,6M,3.74
2026-04-13,7Y,4.10
2026-04-14,1.5M,3.72
2026-04-14,10Y,4.26
2026-04-14,1M,3.71
2026-04-14,1Y,3.71
2026-04-14,20Y,4.84
2026-04-14,2M,3.72
2026-04-14,2Y,3.76
2026-04-14,30Y,4.87
2026-04-14,3M,3.71
2026-04-14,3Y,3.76
2026-04-14,4M,3.70
2026-04-14,5Y,3.87
2026-04-14,6M,3.73
2026-04-14,7Y,4.06
2026-04-15,1.5M,3.72
2026-04-15,10Y,4.29
2026-04-15,1M,3.72
2026-04-15,1Y,3.70
2026-04-15,20Y,4.87
2026-04-15,2M,3.74
2026-04-15,2Y,3.76
2026-04-15,30Y,4.89
2026-04-15,3M,3.71
2026-04-15,3Y,3.79
2026-04-15,4M,3.71
2026-04-15,5Y,3.90
2026-04-15,6M,3.72
2026-04-15,7Y,4.08
2026-04-16,1.5M,3.70
2026-04-16,10Y,4.32
2026-04-16,1M,3.69
2026-04-16,1Y,3.69
2026-04-16,20Y,4.90
2026-04-16,2M,3.73
2026-04-16,2Y,3.78
2026-04-16,30Y,4.93
2026-04-16,3M,3.70
2026-04-16,3Y,3.80
2026-04-16,4M,3.70
2026-04-16,5Y,3.91
2026-04-16,6M,3.71
2026-04-16,7Y,4.10
2026-04-17,1.5M,3.70
2026-04-17,10Y,4.26
2026-04-17,1M,3.69
2026-04-17,1Y,3.64
2026-04-17,20Y,4.85
2026-04-17,2M,3.73
2026-04-17,2Y,3.71
2026-04-17,30Y,4.88
2026-04-17,3M,3.70
2026-04-17,3Y,3.72
2026-04-17,4M,3.69
2026-04-17,5Y,3.84
2026-04-17,6M,3.69
2026-04-17,7Y,4.04
2026-04-20,1.5M,3.70
2026-04-20,10Y,4.26
2026-04-20,1M,3.69
2026-04-20,1Y,3.65
2026-04-20,20Y,4.85
2026-04-20,2M,3.72
2026-04-20,2Y,3.72
2026-04-20,30Y,4.88
2026-04-20,3M,3.71
2026-04-20,3Y,3.73
2026-04-20,4M,3.70
2026-04-20,5Y,3.86
2026-04-20,6M,3.72
2026-04-20,7Y,4.04
2026-04-21,1.5M,3.72
2026-04-21,10Y,4.30
2026-04-21,1M,3.67
2026-04-21,1Y,3.69
2026-04-21,20Y,4.87
2026-04-21,2M,3.71
2026-04-21,2Y,3.78
2026-04-21,30Y,4.89
2026-04-21,3M,3.69
2026-04-21,3Y,3.80
2026-04-21,4M,3.70
2026-04-21,5Y,3.91
2026-04-21,6M,3.73
2026-04-21,7Y,4.09
2026-04-22,1.5M,3.71
2026-04-22,10Y,4.30
2026-04-22,1M,3.68
2026-04-22,1Y,3.69
2026-04-22,20Y,4.87
2026-04-22,2M,3.70
2026-04-22,2Y,3.79
2026-04-22,30Y,4.90
2026-04-22,3M,3.69
2026-04-22,3Y,3.81
2026-04-22,4M,3.69
2026-04-22,5Y,3.91
2026-04-22,6M,3.72
2026-04-22,7Y,4.10
2026-04-23,1.5M,3.72
2026-04-23,10Y,4.34
2026-04-23,1M,3.69
2026-04-23,1Y,3.70
2026-04-23,20Y,4.90
2026-04-23,2M,3.72
2026-04-23,2Y,3.83
2026-04-23,30Y,4.92
2026-04-23,3M,3.69
2026-04-23,3Y,3.84
2026-04-23,4M,3.70
2026-04-23,5Y,3.96
2026-04-23,6M,3.72
2026-04-23,7Y,4.13
2026-04-24,1.5M,3.72
2026-04-24,10Y,4.31
2026-04-24,1M,3.69
2026-04-24,1Y,3.67
2026-04-24,20Y,4.88
2026-04-24,2M,3.71
2026-04-24,2Y,3.78
2026-04-24,30Y,4.91
2026-04-24,3M,3.69
2026-04-24,3Y,3.80
2026-04-24,4M,3.69
2026-04-24,5Y,3.92
2026-04-24,6M,3.71
2026-04-24,7Y,4.10
2026-04-27,1.5M,3.72
2026-04-27,10Y,4.35
2026-04-27,1M,3.70
2026-04-27,1Y,3.69
2026-04-27,20Y,4.92
2026-04-27,2M,3.72
2026-04-27,2Y,3.78
2026-04-27,30Y,4.94
2026-04-27,3M,3.68
2026-04-27,3Y,3.83
2026-04-27,4M,3.70
2026-04-27,5Y,3.94
2026-04-27,6M,3.72
2026-04-27,7Y,4.14
2026-04-28,1.5M,3.70
2026-04-28,10Y,4.36
2026-04-28,1M,3.68
2026-04-28,1Y,3.71
2026-04-28,20Y,4.92
2026-04-28,2M,3.72
2026-04-28,2Y,3.84
2026-04-28,30Y,4.94
2026-04-28,3M,3.68
2026-04-28,3Y,3.86
2026-04-28,4M,3.69
2026-04-28,5Y,3.97
2026-04-28,6M,3.72
2026-04-28,7Y,4.16
2026-04-29,1.5M,3.70
2026-04-29,10Y,4.42
2026-04-29,1M,3.68
2026-04-29,1Y,3.75
2026-04-29,20Y,4.97
2026-04-29,2M,3.72
2026-04-29,2Y,3.92
2026-04-29,30Y,4.98
2026-04-29,3M,3.68
2026-04-29,3Y,3.94
2026-04-29,4M,3.77
2026-04-29,5Y,4.05
2026-04-29,6M,3.73
2026-04-29,7Y,4.23
2026-04-30,1.5M,3.71
2026-04-30,10Y,4.40
2026-04-30,1M,3.72
2026-04-30,1Y,3.72
2026-04-30,20Y,4.97
2026-04-30,2M,3.71
2026-04-30,2Y,3.88
2026-04-30,30Y,4.98
2026-04-30,3M,3.68
2026-04-30,3Y,3.91
2026-04-30,4M,3.76
2026-04-30,5Y,4.02
2026-04-30,6M,3.71
2026-04-30,7Y,4.20
2026-05-01,1.5M,3.71
2026-05-01,10Y,4.39
2026-05-01,1M,3.71
2026-05-01,1Y,3.73
2026-05-01,20Y,4.96
2026-05-01,2M,3.70
2026-05-01,2Y,3.88
2026-05-01,30Y,4.97
2026-05-01,3M,3.68
2026-05-01,3Y,3.91
2026-05-01,4M,3.76
2026-05-01,5Y,4.02
2026-05-01,6M,3.71
2026-05-01,7Y,4.20
2026-05-04,1.5M,3.70
2026-05-04,10Y,4.45
2026-05-04,1M,3.71
2026-05-04,1Y,3.78
2026-05-04,20Y,5.01
2026-05-04,2M,3.70
2026-05-04,2Y,3.95
2026-05-04,30Y,5.02
2026-05-04,3M,3.70
2026-05-04,3Y,3.98
2026-05-04,4M,3.76
2026-05-04,5Y,4.08
2026-05-04,6M,3.76
2026-05-04,7Y,4.26
2026-05-05,1.5M,3.70
2026-05-05,10Y,4.43
2026-05-05,1M,3.70
2026-05-05,1Y,3.77
2026-05-05,20Y,4.98
2026-05-05,2M,3.70
2026-05-05,2Y,3.93
2026-05-05,30Y,4.98
2026-05-05,3M,3.69
2026-05-05,3Y,3.97
2026-05-05,4M,3.75
2026-05-05,5Y,4.08
2026-05-05,6M,3.75
2026-05-05,7Y,4.25
2026-05-06,1.5M,3.70
2026-05-06,10Y,4.36
2026-05-06,1M,3.70
2026-05-06,1Y,3.73
2026-05-06,20Y,4.92
2026-05-06,2M,3.69
2026-05-06,2Y,3.87
2026-05-06,30Y,4.94
2026-05-06,3M,3.69
2026-05-06,3Y,3.89
2026-05-06,4M,3.75
2026-05-06,5Y,3.99
2026-05-06,6M,3.74
2026-05-06,7Y,4.17
2026-05-07,1.5M,3.70
2026-05-07,10Y,4.41
2026-05-07,1M,3.72
2026-05-07,1Y,3.76
2026-05-07,20Y,4.96
2026-05-07,2M,3.69
2026-05-07,2Y,3.92
2026-05-07,30Y,4.97
2026-05-07,3M,3.69
2026-05-07,3Y,3.94
2026-05-07,4M,3.75
2026-05-07,5Y,4.04
2026-05-07,6M,3.74
2026-05-07,7Y,4.22
2026-05-08,1.5M,3.70
2026-05-08,10Y,4.38
2026-05-08,1M,3.71
2026-05-08,1Y,3.75
2026-05-08,20Y,4.93
2026-05-08,2M,3.68
2026-05-08,2Y,3.90
2026-05-08,30Y,4.95
2026-05-08,3M,3.69
2026-05-08,3Y,3.92
2026-05-08,4M,3.75
2026-05-08,5Y,4.02
2026-05-08,6M,3.74
2026-05-08,7Y,4.19
2026-05-11,1.5M,3.70
2026-05-11,10Y,4.42
2026-05-11,1M,3.71
2026-05-11,1Y,3.79
2026-05-11,20Y,4.97
2026-05-11,2M,3.69
2026-05-11,2Y,3.95
2026-05-11,30Y,4.98
2026-05-11,3M,3.70
2026-05-11,3Y,3.96
2026-05-11,4M,3.77
2026-05-11,5Y,4.07
2026-05-11,6M,3.77
2026-05-11,7Y,4.24
2026-05-12,1.5M,3.72
2026-05-12,10Y,4.46
2026-05-12,1M,3.71
2026-05-12,1Y,3.80
2026-05-12,20Y,5.02
2026-05-12,2M,3.69
2026-05-12,2Y,4.00
2026-05-12,30Y,5.03
2026-05-12,3M,3.70
2026-05-12,3Y,4.01
2026-05-12,4M,3.77
2026-05-12,5Y,4.12
2026-05-12,6M,3.77
2026-05-12,7Y,4.29
2026-05-13,1.5M,3.71
2026-05-13,10Y,4.46
2026-05-13,1M,3.71
2026-05-13,1Y,3.79
2026-05-13,20Y,5.03
2026-05-13,2M,3.70
2026-05-13,2Y,3.98
2026-05-13,30Y,5.03
2026-05-13,3M,3.69
2026-05-13,3Y,4.00
2026-05-13,4M,3.76
2026-05-13,5Y,4.12
2026-05-13,6M,3.77
2026-05-13,7Y,4.28
2026-05-14,1.5M,3.71
2026-05-14,10Y,4.47
2026-05-14,1M,3.72
2026-05-14,1Y,3.79
2026-05-14,20Y,5.01
2026-05-14,2M,3.70
2026-05-14,2Y,4.00
2026-05-14,30Y,5.02
2026-05-14,3M,3.69
2026-05-14,3Y,4.04
2026-05-14,4M,3.76
2026-05-14,5Y,4.13
2026-05-14,6M,3.76
2026-05-14,7Y,4.29
2026-05-15,1.5M,3.70
2026-05-15,10Y,4.59
2026-05-15,1M,3.71
2026-05-15,1Y,3.82
2026-05-15,20Y,5.14
2026-05-15,2M,3.69
2026-05-15,2Y,4.09
2026-05-15,30Y,5.12
2026-05-15,3M,3.69
2026-05-15,3Y,4.14
2026-05-15,4M,3.76
2026-05-15,5Y,4.26
2026-05-15,6M,3.77
2026-05-15,7Y,4.43
2026-05-18,1.5M,3.68
2026-05-18,10Y,4.61
2026-05-18,1M,3.69
2026-05-18,1Y,3.81
2026-05-18,20Y,5.14
2026-05-18,2M,3.68
2026-05-18,2Y,4.07
2026-05-18,30Y,5.14
2026-05-18,3M,3.68
2026-05-18,3Y,4.14
2026-05-18,4M,3.76
2026-05-18,5Y,4.27
2026-05-18,6M,3.77
2026-05-18,7Y,4.43
2026-05-19,1.5M,3.66
2026-05-19,10Y,4.67
2026-05-19,1M,3.66
2026-05-19,1Y,3.83
2026-05-19,20Y,5.19
2026-05-19,2M,3.66
2026-05-19,2Y,4.13
2026-05-19,30Y,5.18
2026-05-19,3M,3.67
2026-05-19,3Y,4.20
2026-05-19,4M,3.75
2026-05-19,5Y,4.32
2026-05-19,6M,3.77
2026-05-19,7Y,4.50
2026-05-20,1.5M,3.65
2026-05-20,10Y,4.57
2026-05-20,1M,3.65
2026-05-20,1Y,3.79
2026-05-20,20Y,5.10
2026-05-20,2M,3.65
2026-05-20,2Y,4.04
2026-05-20,30Y,5.11
2026-05-20,3M,3.65
2026-05-20,3Y,4.11
2026-05-20,4M,3.74
2026-05-20,5Y,4.22
2026-05-20,6M,3.75
2026-05-20,7Y,4.39
2026-05-21,1.5M,3.68
2026-05-21,10Y,4.57
2026-05-21,1M,3.72
2026-05-21,1Y,3.83
2026-05-21,20Y,5.09
2026-05-21,2M,3.69
2026-05-21,2Y,4.08
2026-05-21,30Y,5.10
2026-05-21,3M,3.68
2026-05-21,3Y,4.13
2026-05-21,4M,3.76
2026-05-21,5Y,4.25
2026-05-21,6M,3.78
2026-05-21,7Y,4.41
2026-05-22,1.5M,3.69
2026-05-22,10Y,4.56
2026-05-22,1M,3.72
2026-05-22,1Y,3.86
2026-05-22,20Y,5.06
2026-05-22,2M,3.69
2026-05-22,2Y,4.13
2026-05-22,30Y,5.07
2026-05-22,3M,3.68
2026-05-22,3Y,4.18
2026-05-22,4M,3.78
2026-05-22,5Y,4.27
2026-05-22,6M,3.79
2026-05-22,7Y,4.41
2026-05-26,1.5M,3.70
2026-05-26,10Y,4.50
2026-05-26,1M,3.72
2026-05-26,1Y,3.82
2026-05-26,20Y,5.03
2026-05-26,2M,3.69
2026-05-26,2Y,4.01
2026-05-26,30Y,5.03
2026-05-26,3M,3.68
2026-05-26,3Y,4.10
2026-05-26,4M,3.78
2026-05-26,5Y,4.19
2026-05-26,6M,3.80
2026-05-26,7Y,4.33
2026-05-27,1.5M,3.70
2026-05-27,10Y,4.48
2026-05-27,1M,3.72
2026-05-27,1Y,3.80
2026-05-27,20Y,5.01
2026-05-27,2M,3.69
2026-05-27,2Y,4.00
2026-05-27,30Y,5.01
2026-05-27,3M,3.68
2026-05-27,3Y,4.09
2026-05-27,4M,3.77
2026-05-27,5Y,4.17
2026-05-27,6M,3.79
2026-05-27,7Y,4.32
2026-05-28,1.5M,3.71
2026-05-28,10Y,4.45
2026-05-28,1M,3.72
2026-05-28,1Y,3.80
2026-05-28,20Y,4.98
2026-05-28,2M,3.71
2026-05-28,2Y,3.99
2026-05-28,30Y,4.98
2026-05-28,3M,3.69
2026-05-28,3Y,4.07
2026-05-28,4M,3.78
2026-05-28,5Y,4.15
2026-05-28,6M,3.79
2026-05-28,7Y,4.29
2026-05-29,1.5M,3.71
2026-05-29,10Y,4.45
2026-05-29,1M,3.72
2026-05-29,1Y,3.79
2026-05-29,20Y,4.98
2026-05-29,2M,3.71
2026-05-29,2Y,3.98
2026-05-29,30Y,4.99
2026-05-29,3M,3.69
2026-05-29,3Y,4.06
2026-05-29,4M,3.78
2026-05-29,5Y,4.13
2026-05-29,6M,3.78
2026-05-29,7Y,4.27
2026-06-01,1.5M,3.71
2026-06-01,10Y,4.47
2026-06-01,1M,3.72
2026-06-01,1Y,3.83
2026-06-01,20Y,4.99
2026-06-01,2M,3.73
2026-06-01,2Y,4.05
2026-06-01,30Y,4.99
2026-06-01,3M,3.78
2026-06-01,3Y,4.09
2026-06-01,4M,3.80
2026-06-01,5Y,4.18
2026-06-01,6M,3.79
2026-06-01,7Y,4.32
2026-06-02,1.5M,3.71
2026-06-02,10Y,4.46
2026-06-02,1M,3.72
2026-06-02,1Y,3.82
2026-06-02,20Y,4.97
2026-06-02,2M,3.73
2026-06-02,2Y,4.05
2026-06-02,30Y,4.97
2026-06-02,3M,3.77
2026-06-02,3Y,4.09
2026-06-02,4M,3.79
2026-06-02,5Y,4.17
2026-06-02,6M,3.78
2026-06-02,7Y,4.31
2026-06-03,1.5M,3.71
2026-06-03,10Y,4.49
2026-06-03,1M,3.71
2026-06-03,1Y,3.84
2026-06-03,20Y,5.00
2026-06-03,2M,3.72
2026-06-03,2Y,4.08
2026-06-03,30Y,4.99
2026-06-03,3M,3.78
2026-06-03,3Y,4.14
2026-06-03,4M,3.77
2026-06-03,5Y,4.21
2026-06-03,6M,3.78
2026-06-03,7Y,4.34
2026-06-04,1.5M,3.70
2026-06-04,10Y,4.47
2026-06-04,1M,3.71
2026-06-04,1Y,3.82
2026-06-04,20Y,4.98
2026-06-04,2M,3.70
2026-06-04,2Y,4.05
2026-06-04,30Y,4.97
2026-06-04,3M,3.78
2026-06-04,3Y,4.10
2026-06-04,4M,3.76
2026-06-04,5Y,4.18
2026-06-04,6M,3.78
2026-06-04,7Y,4.32
2026-06-05,1.5M,3.71
2026-06-05,10Y,4.55
2026-06-05,1M,3.71
2026-06-05,1Y,3.88
2026-06-05,20Y,5.03
2026-06-05,2M,3.71
2026-06-05,2Y,4.17
2026-06-05,30Y,5.01
2026-06-05,3M,3.78
2026-06-05,3Y,4.22
2026-06-05,4M,3.78
2026-06-05,5Y,4.29
2026-06-05,6M,3.81
2026-06-05,7Y,4.41
2026-06-08,1.5M,3.70
2026-06-08,10Y,4.56
2026-06-08,1M,3.70
2026-06-08,1Y,3.85
2026-06-08,20Y,5.05
2026-06-08,2M,3.71
2026-06-08,2Y,4.15
2026-06-08,30Y,5.03
2026-06-08,3M,3.80
2026-06-08,3Y,4.21
2026-06-08,4M,3.79
2026-06-08,5Y,4.29
2026-06-08,6M,3.83
2026-06-08,7Y,4.42
2026-06-09,1.5M,3.69
2026-06-09,10Y,4.53
2026-06-09,1M,3.69
2026-06-09,1Y,3.90
2026-06-09,20Y,5.02
2026-06-09,2M,3.71
2026-06-09,2Y,4.13
2026-06-09,30Y,5.01
2026-06-09,3M,3.79
2026-06-09,3Y,4.16
2026-06-09,4M,3.79
2026-06-09,5Y,4.26
2026-06-09,6M,3.82
2026-06-09,7Y,4.39
2026-06-10,1.5M,3.70
2026-06-10,10Y,4.55
2026-06-10,1M,3.69
2026-06-10,1Y,3.90
2026-06-10,20Y,5.04
2026-06-10,2M,3.72
2026-06-10,2Y,4.13
2026-06-10,30Y,5.03
2026-06-10,3M,3.79
2026-06-10,3Y,4.17
2026-06-10,4M,3.80
2026-06-10,5Y,4.27
2026-06-10,6M,3.82
2026-06-10,7Y,4.40
2026-06-11,1.5M,3.69
2026-06-11,10Y,4.45
2026-06-11,1M,3.69
2026-06-11,1Y,3.85
2026-06-11,20Y,4.96
2026-06-11,2M,3.70
2026-06-11,2Y,4.05
2026-06-11,30Y,4.95
2026-06-11,3M,3.78
2026-06-11,3Y,4.09
2026-06-11,4M,3.79
2026-06-11,5Y,4.18
2026-06-11,6M,3.81
2026-06-11,7Y,4.31
2026-06-12,1.5M,3.70
2026-06-12,10Y,4.48
2026-06-12,1M,3.69
2026-06-12,1Y,3.86
2026-06-12,20Y,4.98
2026-06-12,2M,3.70
2026-06-12,2Y,4.09
2026-06-12,30Y,4.97
2026-06-12,3M,3.78
2026-06-12,3Y,4.12
2026-06-12,4M,3.79
2026-06-12,5Y,4.21
2026-06-12,6M,3.82
2026-06-12,7Y,4.34
2026-06-15,1.5M,3.70
2026-06-15,10Y,4.47
2026-06-15,1M,3.69
2026-06-15,1Y,3.84
2026-06-15,20Y,4.97
2026-06-15,2M,3.71
2026-06-15,2Y,4.07
2026-06-15,30Y,4.97
2026-06-15,3M,3.79
2026-06-15,3Y,4.10
2026-06-15,4M,3.79
2026-06-15,5Y,4.18
2026-06-15,6M,3.81
2026-06-15,7Y,4.32
2026-06-16,1.5M,3.69
2026-06-16,10Y,4.43
2026-06-16,1M,3.67
2026-06-16,1Y,3.84
2026-06-16,20Y,4.92
2026-06-16,2M,3.71
2026-06-16,2Y,4.05
2026-06-16,30Y,4.93
2026-06-16,3M,3.79
2026-06-16,3Y,4.08
2026-06-16,4M,3.79
2026-06-16,5Y,4.16
2026-06-16,6M,3.81
2026-06-16,7Y,4.28
2026-06-17,1.5M,3.70
2026-06-17,10Y,4.49
2026-06-17,1M,3.68
2026-06-17,1Y,3.98
2026-06-17,20Y,4.95
2026-06-17,2M,3.74
2026-06-17,2Y,4.20
2026-06-17,30Y,4.93
2026-06-17,3M,3.83
2026-06-17,3Y,4.23
2026-06-17,4M,3.85
2026-06-17,5Y,4.27
2026-06-17,6M,3.91
2026-06-17,7Y,4.37
2026-06-18,1.5M,3.69
2026-06-18,10Y,4.46
2026-06-18,1M,3.69
2026-06-18,1Y,4.00
2026-06-18,20Y,4.91
2026-06-18,2M,3.74
2026-06-18,2Y,4.19
2026-06-18,30Y,4.90
2026-06-18,3M,3.83
2026-06-18,3Y,4.19
2026-06-18,4M,3.85
2026-06-18,5Y,4.23
2026-06-18,6M,3.92
2026-06-18,7Y,4.34
2026-06-22,1.5M,3.71
2026-06-22,10Y,4.51
2026-06-22,1M,3.66
2026-06-22,1Y,4.04
2026-06-22,20Y,4.97
2026-06-22,2M,3.77
2026-06-22,2Y,4.24
2026-06-22,30Y,4.95
2026-06-22,3M,3.85
2026-06-22,3Y,4.25
2026-06-22,4M,3.89
2026-06-22,5Y,4.29
2026-06-22,6M,3.98
2026-06-22,7Y,4.39
2026-06-23,1.5M,3.71
2026-06-23,10Y,4.50
2026-06-23,1M,3.65
2026-06-23,1Y,4.01
2026-06-23,20Y,4.96
2026-06-23,2M,3.76
2026-06-23,2Y,4.16
2026-06-23,30Y,4.94
2026-06-23,3M,3.85
2026-06-23,3Y,4.22
2026-06-23,4M,3.89
2026-06-23,5Y,4.27
2026-06-23,6M,3.96
2026-06-23,7Y,4.38
2026-06-24,1.5M,3.71
2026-06-24,10Y,4.41
2026-06-24,1M,3.66
2026-06-24,1Y,3.99
2026-06-24,20Y,4.87
2026-06-24,2M,3.76
2026-06-24,2Y,4.11
2026-06-24,30Y,4.86
2026-06-24,3M,3.85
2026-06-24,3Y,4.15
2026-06-24,4M,3.90
2026-06-24,5Y,4.17
2026-06-24,6M,3.95
2026-06-24,7Y,4.28
2026-06-25,1.5M,3.71
2026-06-25,10Y,4.40
2026-06-25,1M,3.70
2026-06-25,1Y,3.96
2026-06-25,20Y,4.87
2026-06-25,2M,3.75
2026-06-25,2Y,4.09
2026-06-25,30Y,4.86
2026-06-25,3M,3.84
2026-06-25,3Y,4.13
2026-06-25,4M,3.90
2026-06-25,5Y,4.15
2026-06-25,6M,3.95
2026-06-25,7Y,4.26
2026-06-26,1.5M,3.70
2026-06-26,10Y,4.38
2026-06-26,1M,3.70
2026-06-26,1Y,3.94
2026-06-26,20Y,4.87
2026-06-26,2M,3.75
2026-06-26,2Y,4.07
2026-06-26,30Y,4.87
2026-06-26,3M,3.83
2026-06-26,3Y,4.09
2026-06-26,4M,3.89
2026-06-26,5Y,4.12
2026-06-26,6M,3.94
2026-06-26,7Y,4.23
2026-06-29,1.5M,3.71
2026-06-29,10Y,4.38
2026-06-29,1M,3.71
2026-06-29,1Y,3.97
2026-06-29,20Y,4.86
2026-06-29,2M,3.76
2026-06-29,2Y,4.10
2026-06-29,30Y,4.86
2026-06-29,3M,3.87
2026-06-29,3Y,4.10
2026-06-29,4M,3.92
2026-06-29,5Y,4.14
2026-06-29,6M,4.00
2026-06-29,7Y,4.24
2026-06-30,1.5M,3.74
2026-06-30,10Y,4.44
2026-06-30,1M,3.70
2026-06-30,1Y,3.98
2026-06-30,20Y,4.93
2026-06-30,2M,3.77
2026-06-30,2Y,4.14
2026-06-30,30Y,4.91
2026-06-30,3M,3.87
2026-06-30,3Y,4.15
2026-06-30,4M,3.92
2026-06-30,5Y,4.19
2026-06-30,6M,4.01
2026-06-30,7Y,4.30
2026-07-01,1.5M,3.71
2026-07-01,10Y,4.48
2026-07-01,1M,3.67
2026-07-01,1Y,4.00
2026-07-01,20Y,4.97
2026-07-01,2M,3.72
2026-07-01,2Y,4.17
2026-07-01,30Y,4.97
2026-07-01,3M,3.85
2026-07-01,3Y,4.19
2026-07-01,4M,3.95
2026-07-01,5Y,4.24
2026-07-01,6M,4.00
2026-07-01,7Y,4.35
2026-07-02,1.5M,3.73
2026-07-02,10Y,4.49
2026-07-02,1M,3.70
2026-07-02,1Y,3.96
2026-07-02,20Y,4.99
2026-07-02,2M,3.81
2026-07-02,2Y,4.14
2026-07-02,30Y,4.98
2026-07-02,3M,3.82
2026-07-02,3Y,4.16
2026-07-02,4M,3.91
2026-07-02,5Y,4.23
2026-07-02,6M,3.98
2026-07-02,7Y,4.35
2026-07-06,1.5M,3.75
2026-07-06,10Y,4.48
2026-07-06,1M,3.69
2026-07-06,1Y,3.95
2026-07-06,20Y,4.99
2026-07-06,2M,3.81
2026-07-06,2Y,4.13
2026-07-06,30Y,4.99
2026-07-06,3M,3.87
2026-07-06,3Y,4.14
2026-07-06,4M,3.93
2026-07-06,5Y,4.21
2026-07-06,6M,3.98
2026-07-06,7Y,4.33
2026-07-07,1.5M,3.74
2026-07-07,10Y,4.55
2026-07-07,1M,3.69
2026-07-07,1Y,4.06
2026-07-07,20Y,5.05
2026-07-07,2M,3.82
2026-07-07,2Y,4.19
2026-07-07,30Y,5.05
2026-07-07,3M,3.86
2026-07-07,3Y,4.18
2026-07-07,4M,3.94
2026-07-07,5Y,4.27
2026-07-07,6M,3.99
2026-07-07,7Y,4.40
2026-07-08,1.5M,3.74
2026-07-08,10Y,4.56
2026-07-08,1M,3.67
2026-07-08,1Y,4.06
2026-07-08,20Y,5.07
2026-07-08,2M,3.82
2026-07-08,2Y,4.21
2026-07-08,30Y,5.06
2026-07-08,3M,3.87
2026-07-08,3Y,4.21
2026-07-08,4M,3.94
2026-07-08,5Y,4.31
2026-07-08,6M,3.99
2026-07-08,7Y,4.43
2026-07-09,1.5M,3.72
2026-07-09,10Y,4.54
2026-07-09,1M,3.72
2026-07-09,1Y,4.02
2026-07-09,20Y,5.06
2026-07-09,2M,3.79
2026-07-09,2Y,4.16
2026-07-09,30Y,5.05
2026-07-09,3M,3.83
2026-07-09,3Y,4.18
2026-07-09,4M,3.91
2026-07-09,5Y,4.27
2026-07-09,6M,3.96
2026-07-09,7Y,4.40
2026-07-10,1.5M,3.74
2026-07-10,10Y,4.56
2026-07-10,1M,3.71
2026-07-10,1Y,4.06
2026-07-10,20Y,5.08
2026-07-10,2M,3.81
2026-07-10,2Y,4.21
2026-07-10,30Y,5.06
2026-07-10,3M,3.85
2026-07-10,3Y,4.22
2026-07-10,4M,3.94
2026-07-10,5Y,4.30
2026-07-10,6M,3.99
2026-07-10,7Y,4.42
2026-07-13,1.5M,3.76
2026-07-13,10Y,4.62
2026-07-13,1M,3.73
2026-07-13,1Y,4.12
2026-07-13,20Y,5.11
2026-07-13,2M,3.82
2026-07-13,2Y,4.26
2026-07-13,30Y,5.10
2026-07-13,3M,3.89
2026-07-13,3Y,4.30
2026-07-13,4M,3.97
2026-07-13,5Y,4.37
2026-07-13,6M,4.03
2026-07-13,7Y,4.48
2026-07-14,1.5M,3.75
2026-07-14,10Y,4.58
2026-07-14,1M,3.73
2026-07-14,1Y,4.02
2026-07-14,20Y,5.09
2026-07-14,2M,3.82
2026-07-14,2Y,4.18
2026-07-14,30Y,5.08
2026-07-14,3M,3.84
2026-07-14,3Y,4.23
2026-07-14,4M,3.91
2026-07-14,5Y,4.31
2026-07-14,6M,3.95
2026-07-14,7Y,4.44
2026-07-15,1.5M,3.76
2026-07-15,10Y,4.55
2026-07-15,1M,3.73
2026-07-15,1Y,3.97
2026-07-15,20Y,5.07
2026-07-15,2M,3.82
2026-07-15,2Y,4.13
2026-07-15,30Y,5.08
2026-07-15,3M,3.83
2026-07-15,3Y,4.18
2026-07-15,4M,3.89
2026-07-15,5Y,4.26
2026-07-15,6M,3.93
2026-07-15,7Y,4.39
2026-07-16,1.5M,3.75
2026-07-16,10Y,4.57
2026-07-16,1M,3.76
2026-07-16,1Y,3.99
2026-07-16,20Y,5.09
2026-07-16,2M,3.81
2026-07-16,2Y,4.16
2026-07-16,30Y,5.09
2026-07-16,3M,3.84
2026-07-16,3Y,4.20
2026-07-16,4M,3.90
2026-07-16,5Y,4.28
2026-07-16,6M,3.94
2026-07-16,7Y,4.41
2026-07-17,1.5M,3.75
2026-07-17,10Y,4.55
2026-07-17,1M,3.73
2026-07-17,1Y,4.01
2026-07-17,20Y,5.07
2026-07-17,2M,3.80
2026-07-17,2Y,4.18
2026-07-17,30Y,5.06
2026-07-17,3M,3.85
2026-07-17,3Y,4.21
2026-07-17,4M,3.91
2026-07-17,5Y,4.28
2026-07-17,6M,3.96
2026-07-17,7Y,4.40
2026-07-20,1.5M,3.76
2026-07-20,10Y,4.60
2026-07-20,1M,3.72
2026-07-20,1Y,4.03
2026-07-20,20Y,5.12
2026-07-20,2M,3.81
2026-07-20,2Y,4.21
2026-07-20,30Y,5.11
2026-07-20,3M,3.86
2026-07-20,3Y,4.25
2026-07-20,4M,3.93
2026-07-20,5Y,4.33
2026-07-20,6M,4.00
2026-07-20,7Y,4.45
2026-07-21,1.5M,3.81
2026-07-21,10Y,4.63
2026-07-21,1M,3.75
2026-07-21,1Y,4.08
2026-07-21,20Y,5.14
2026-07-21,2M,3.81
2026-07-21,2Y,4.26
2026-07-21,30Y,5.13
2026-07-21,3M,3.87
2026-07-21,3Y,4.31
2026-07-21,4M,3.96
2026-07-21,5Y,4.37
2026-07-21,6M,4.02
2026-07-21,7Y,4.50
2026-07-22,1.5M,3.82
2026-07-22,10Y,4.67
2026-07-22,1M,3.76
2026-07-22,1Y,4.11
2026-07-22,20Y,5.17
2026-07-22,2M,3.82
2026-07-22,2Y,4.31
2026-07-22,30Y,5.15
2026-07-22,3M,3.89
2026-07-22,3Y,4.34
2026-07-22,4M,4.00
2026-07-22,5Y,4.41
2026-07-22,6M,4.05
2026-07-22,7Y,4.53
2026-07-23,1.5M,3.90
2026-07-23,10Y,4.71
2026-07-23,1M,3.82
2026-07-23,1Y,4.15
2026-07-23,20Y,5.20
2026-07-23,2M,3.95
2026-07-23,2Y,4.37
2026-07-23,30Y,5.17
2026-07-23,3M,3.95
2026-07-23,3Y,4.40
2026-07-23,4M,4.04
2026-07-23,5Y,4.46
2026-07-23,6M,4.09
2026-07-23,7Y,4.58
2026-07-24,1.5M,3.88
2026-07-24,10Y,4.69
2026-07-24,1M,3.80
2026-07-24,1Y,4.14
2026-07-24,20Y,5.18
2026-07-24,2M,3.95
2026-07-24,2Y,4.33
2026-07-24,30Y,5.16
2026-07-24,3M,3.96
2026-07-24,3Y,4.36
2026-07-24,4M,4.04
2026-07-24,5Y,4.43
2026-07-24,6M,4.08
2026-07-24,7Y,4.55
2026-07-27,1.5M,3.89
2026-07-27,10Y,4.65
2026-07-27,1M,3.80
2026-07-27,1Y,4.14
2026-07-27,20Y,5.15
2026-07-27,2M,3.95
2026-07-27,2Y,4.31
2026-07-27,30Y,5.12
2026-07-27,3M,3.96
2026-07-27,3Y,4.35
2026-07-27,4M,4.05
2026-07-27,5Y,4.40
2026-07-27,6M,4.10
2026-07-27,7Y,4.52
2026-07-28,1.5M,3.86
2026-07-28,10Y,4.61
2026-07-28,1M,3.76
2026-07-28,1Y,4.09
2026-07-28,20Y,5.11
2026-07-28,2M,3.90
2026-07-28,2Y,4.26
2026-07-28,30Y,5.09
2026-07-28,3M,3.90
2026-07-28,3Y,4.31
2026-07-28,4M,4.02
2026-07-28,5Y,4.35
2026-07-28,6M,4.07
2026-07-28,7Y,4.47
2026-07-29,1.5M,3.80
2026-07-29,10Y,4.67
2026-07-29,1M,3.73
2026-07-29,1Y,4.04
2026-07-29,20Y,5.21
2026-07-29,2M,3.83
2026-07-29,2Y,4.22
2026-07-29,30Y,5.20
2026-07-29,3M,3.83
2026-07-29,3Y,4.29
2026-07-29,4M,3.91
2026-07-29,5Y,4.37
2026-07-29,6M,3.97
2026-07-29,7Y,4.51
2026-07-30,1.5M,3.80
2026-07-30,10Y,4.68
2026-07-30,1M,3.79
2026-07-30,1Y,4.04
2026-07-30,20Y,5.22
2026-07-30,2M,3.84
2026-07-30,2Y,4.23
2026-07-30,30Y,5.21
2026-07-30,3M,3.82
2026-07-30,3Y,4.30
2026-07-30,4M,3.92
2026-07-30,5Y,4.38
2026-07-30,6M,3.98
2026-07-30,7Y,4.52
2026-07-31,1.5M,3.80
2026-07-31,10Y,4.75
2026-07-31,1M,3.78
2026-07-31,1Y,4.08
2026-07-31,20Y,5.28
2026-07-31,2M,3.85
2026-07-31,2Y,4.28
2026-07-31,30Y,5.27
2026-07-31,3M,3.83
2026-07-31,3Y,4.34
2026-07-31,4M,3.92
2026-07-31,5Y,4.45
2026-07-31,6M,3.98
2026-07-31,7Y,4.59
2026-08-03,1.5M,3.82
2026-08-03,10Y,4.70
2026-08-03,1M,3.79
2026-08-03,1Y,4.07
2026-08-03,20Y,5.23
2026-08-03,2M,3.87
2026-08-03,2Y,4.25
2026-08-03,30Y,5.23
2026-08-03,3M,3.91
2026-08-03,3Y,4.32
2026-08-03,4M,3.94
2026-08-03,5Y,4.40
2026-08-03,6M,4.02
2026-08-03,7Y,4.54
2026-08-04,1.5M,3.80
2026-08-04,10Y,4.63
2026-08-04,1M,3.78
2026-08-04,1Y,4.04
2026-08-04,20Y,5.18
2026-08-04,2M,3.85
2026-08-04,2Y,4.20
2026-08-04,30Y,5.18
2026-08-04,3M,3.89
2026-08-04,3Y,4.25
2026-08-04,4M,3.91
2026-08-04,5Y,4.33
2026-08-04,6M,4.00
2026-08-04,7Y,4.47
2026-08-05,1.5M,3.79
2026-08-05,10Y,4.63
2026-08-05,1M,3.77
2026-08-05,1Y,4.03
2026-08-05,20Y,5.18
2026-08-05,2M,3.84
2026-08-05,2Y,4.18
2026-08-05,30Y,5.17
2026-08-05,3M,3.89
2026-08-05,3Y,4.24
2026-08-05,4M,3.91
2026-08-05,5Y,4.33
2026-08-05,6M,3.98
2026-08-05,7Y,4.47
2026-08-06,1.5M,3.80
2026-08-06,10Y,4.69
2026-08-06,1M,3.80
2026-08-06,1Y,4.06
2026-08-06,20Y,5.22
2026-08-06,2M,3.84
2026-08-06,2Y,4.25
2026-08-06,30Y,5.22
2026-08-06,3M,3.90
2026-08-06,3Y,4.31
2026-08-06,4M,3.92
2026-08-06,5Y,4.40
2026-08-06,6M,3.99
2026-08-06,7Y,4.53
2026-08-07,1.5M,3.79
2026-08-07,10Y,4.65
2026-08-07,1M,3.79
2026-08-07,1Y,4.01
2026-08-07,20Y,5.20
2026-08-07,2M,3.83
2026-08-07,2Y,4.19
2026-08-07,30Y,5.19
2026-08-07,3M,3.87
2026-08-07,3Y,4.25
2026-08-07,4M,3.89
2026-08-07,5Y,4.35
2026-08-07,6M,3.96
2026-08-07,7Y,4.49
2026-08-10,1.5M,3.80
2026-08-10,10Y,4.72
2026-08-10,1M,3.79
2026-08-10,1Y,4.04
2026-08-10,20Y,5.25
2026-08-10,2M,3.84
2026-08-10,2Y,4.25
2026-08-10,30Y,5.25
2026-08-10,3M,3.89
2026-08-10,3Y,4.31
2026-08-10,4M,3.91
2026-08-10,5Y,4.41
2026-08-10,6M,4.00
2026-08-10,7Y,4.56
2026-08-11,1.5M,3.82
2026-08-11,10Y,4.70
2026-08-11,1M,3.79
2026-08-11,1Y,4.03
2026-08-11,20Y,5.25
2026-08-11,2M,3.83
2026-08-11,2Y,4.22
2026-08-11,30Y,5.24
2026-08-11,3M,3.89
2026-08-11,3Y,4.27
2026-08-11,4M,3.90
2026-08-11,5Y,4.39
2026-08-11,6M,3.99
2026-08-11,7Y,4.54
2026-08-12,1.5M,3.79
2026-08-12,10Y,4.68
2026-08-12,1M,3.78
2026-08-12,1Y,4.00
2026-08-12,20Y,5.24
2026-08-12,2M,3.80
2026-08-12,2Y,4.20
2026-08-12,30Y,5.24
2026-08-12,3M,3.87
2026-08-12,3Y,4.25
2026-08-12,4M,3.89
2026-08-12,5Y,4.38
2026-08-12,6M,3.97
2026-08-12,7Y,4.52
2026-08-13,1.5M,3.79
2026-08-13,10Y,4.63
2026-08-13,1M,3.79
2026-08-13,1Y,3.97
2026-08-13,20Y,5.20
2026-08-13,2M,3.81
2026-08-13,2Y,4.15
2026-08-13,30Y,5.21
2026-08-13,3M,3.87
2026-08-13,3Y,4.20
2026-08-13,4M,3.88
2026-08-13,5Y,4.32
2026-08-13,6M,3.94
2026-08-13,7Y,4.47
2026-08-14,1.5M,3.80
2026-08-14,10Y,4.68
2026-08-14,1M,3.79
2026-08-14,1Y,3.98
2026-08-14,20Y,5.25
2026-08-14,2M,3.81
2026-08-14,2Y,4.17
2026-08-14,30Y,5.25
2026-08-14,3M,3.86
2026-08-14,3Y,4.24
2026-08-14,4M,3.88
2026-08-14,5Y,4.36
2026-08-14,6M,3.95
2026-08-14,7Y,4.51
2026-08-17,1.5M,3.80
2026-08-17,10Y,4.72
2026-08-17,1M,3.79
2026-08-17,1Y,4.00
2026-08-17,20Y,5.30
2026-08-17,2M,3.82
2026-08-17,2Y,4.19
2026-08-17,30Y,5.31
2026-08-17,3M,3.87
2026-08-17,3Y,4.25
2026-08-17,4M,3.89
2026-08-17,5Y,4.38
2026-08-17,6M,3.95
2026-08-17,7Y,4.54
2026-08-18,1.5M,3.78
2026-08-18,10Y,4.71
2026-08-18,1M,3.78
2026-08-18,1Y,3.99
2026-08-18,20Y,5.28
2026-08-18,2M,3.82
2026-08-18,2Y,4.19
2026-08-18,30Y,5.28
2026-08-18,3M,3.86
2026-08-18,3Y,4.26
2026-08-18,4M,3.88
2026-08-18,5Y,4.37
2026-08-18,6M,3.94
2026-08-18,7Y,4.53
2026-08-19,1.5M,3.77
2026-08-19,10Y,4.65
2026-08-19,1M,3.77
2026-08-19,1Y,4.00
2026-08-19,20Y,5.17
2026-08-19,2M,3.81
2026-08-19,2Y,4.19
2026-08-19,30Y,5.19
2026-08-19,3M,3.86
2026-08-19,3Y,4.25
2026-08-19,4M,3.88
2026-08-19,5Y,4.35
2026-08-19,6M,3.94
2026-08-19,7Y,4.48
2026-08-20,1.5M,3.77
2026-08-20,10Y,4.69
2026-08-20,1M,3.80
2026-08-20,1Y,3.99
2026-08-20,20Y,5.20
2026-08-20,2M,3.79
2026-08-20,2Y,4.19
2026-08-20,30Y,5.23
2026-08-20,3M,3.87
2026-08-20,3Y,4.26
2026-08-20,4M,3.88
2026-08-20,5Y,4.39
2026-08-20,6M,3.94
2026-08-20,7Y,4.53
2026-08-21,1.5M,3.77
2026-08-21,10Y,4.74
2026-08-21,1M,3.80
2026-08-21,1Y,4.03
2026-08-21,20Y,5.25
2026-08-21,2M,3.80
2026-08-21,2Y,4.24
2026-08-21,30Y,5.27
2026-08-21,3M,3.88
2026-08-21,3Y,4.31
2026-08-21,4M,3.90
2026-08-21,5Y,4.43
2026-08-21,6M,3.95
2026-08-21,7Y,4.57
2026-08-24,1.5M,3.78
2026-08-24,10Y,4.70
2026-08-24,1M,3.79
2026-08-24,1Y,4.04
2026-08-24,20Y,5.21
2026-08-24,2M,3.80
2026-08-24,2Y,4.24
2026-08-24,30Y,5.23
2026-08-24,3M,3.87
2026-08-24,3Y,4.31
2026-08-24,4M,3.90
2026-08-24,5Y,4.41
2026-08-24,6M,3.96
2026-08-24,7Y,4.55
2026-08-25,1.5M,3.78
2026-08-25,10Y,4.64
2026-08-25,1M,3.79
2026-08-25,1Y,4.01
2026-08-25,20Y,5.16
2026-08-25,2M,3.80
2026-08-25,2Y,4.17
2026-08-25,30Y,5.17
2026-08-25,3M,3.86
2026-08-25,3Y,4.25
2026-08-25,4M,3.89
2026-08-25,5Y,4.35
2026-08-25,6M,3.95
2026-08-25,7Y,4.48
2026-08-26,1.5M,3.78
2026-08-26,10Y,4.66
2026-08-26,1M,3.80
2026-08-26,1Y,4.02
2026-08-26,20Y,5.17
2026-08-26,2M,3.80
2026-08-26,2Y,4.19
2026-08-26,30Y,5.18
2026-08-26,3M,3.85
2026-08-26,3Y,4.29
2026-08-26,4M,3.88
2026-08-26,5Y,4.37
2026-08-26,6M,3.94
2026-08-26,7Y,4.51
2026-08-27,1.5M,3.79
2026-08-27,10Y,4.67
2026-08-27,1M,3.81
2026-08-27,1Y,4.04
2026-08-27,20Y,5.18
2026-08-27,2M,3.81
2026-08-27,2Y,4.20
2026-08-27,30Y,5.19
2026-08-27,3M,3.84
2026-08-27,3Y,4.30
2026-08-27,4M,3.88
2026-08-27,5Y,4.38
2026-08-27,6M,3.94
2026-08-27,7Y,4.52
2026-08-28,1.5M,3.83
2026-08-28,10Y,4.73
2026-08-28,1M,3.84
2026-08-28,1Y,4.15
2026-08-28,20Y,5.21
2026-08-28,2M,3.86
2026-08-28,2Y,4.34
2026-08-28,30Y,5.22
2026-08-28,3M,3.90
2026-08-28,3Y,4.41
2026-08-28,4M,3.94
2026-08-28,5Y,4.48
2026-08-28,6M,4.02
2026-08-28,7Y,4.59
2026-08-31,1.5M,3.86
2026-08-31,10Y,4.75
2026-08-31,1M,3.85
2026-08-31,1Y,4.16
2026-08-31,20Y,5.24
2026-08-31,2M,3.88
2026-08-31,2Y,4.34
2026-08-31,30Y,5.25
2026-08-31,3M,3.91
2026-08-31,3Y,4.40
2026-08-31,4M,3.96
2026-08-31,5Y,4.49
2026-08-31,6M,3.99
2026-08-31,7Y,4.62
2026-09-01,1.5M,3.88
2026-09-01,10Y,4.79
2026-09-01,1M,3.85
2026-09-01,1Y,4.18
2026-09-01,20Y,5.27
2026-09-01,2M,3.89
2026-09-01,2Y,4.39
2026-09-01,30Y,5.27
2026-09-01,3M,3.92
2026-09-01,3Y,4.46
2026-09-01,4M,3.97
2026-09-01,5Y,4.55
2026-09-01,6M,4.00
2026-09-01,7Y,4.66
2026-09-02,1.5M,3.87
2026-09-02,10Y,4.79
2026-09-02,1M,3.83
2026-09-02,1Y,4.16
2026-09-02,20Y,5.27
2026-09-02,2M,3.89
2026-09-02,2Y,4.39
2026-09-02,30Y,5.27
2026-09-02,3M,3.92
2026-09-02,3Y,4.45
2026-09-02,4M,4.02
2026-09-02,5Y,4.54
2026-09-02,6M,4.00
2026-09-02,7Y,4.66
2026-09-03,1.5M,3.82
2026-09-03,10Y,4.77
2026-09-03,1M,3.83
2026-09-03,1Y,4.11
2026-09-03,20Y,5.25
2026-09-03,2M,3.91
2026-09-03,2Y,4.34
2026-09-03,30Y,5.25
2026-09-03,3M,3.89
2026-09-03,3Y,4.41
2026-09-03,4M,3.99
2026-09-03,5Y,4.52
2026-09-03,6M,3.95
2026-09-03,7Y,4.63
2026-09-04,1.5M,3.83
2026-09-04,10Y,4.78
2026-09-04,1M,3.79
2026-09-04,1Y,4.13
2026-09-04,20Y,5.25
2026-09-04,2M,3.90
2026-09-04,2Y,4.37
2026-09-04,30Y,5.24
2026-09-04,3M,3.91
2026-09-04,3Y,4.45
2026-09-04,4M,4.00
2026-09-04,5Y,4.54
2026-09-04,6M,3.98
2026-09-04,7Y,4.65
2026-09-08,1.5M,3.88
2026-09-08,10Y,4.80
2026-09-08,1M,3.81
2026-09-08,1Y,4.15
2026-09-08,20Y,5.26
2026-09-08,2M,3.91
2026-09-08,2Y,4.39
2026-09-08,30Y,5.25
2026-09-08,3M,3.94
2026-09-08,3Y,4.44
2026-09-08,4M,4.02
2026-09-08,5Y,4.57
2026-09-08,6M,4.00
2026-09-08,7Y,4.68
2026-09-09,1.5M,3.88
2026-09-09,10Y,4.83
2026-09-09,1M,3.81
2026-09-09,1Y,4.17
2026-09-09,20Y,5.28
2026-09-09,2M,3.93
2026-09-09,2Y,4.43
2026-09-09,30Y,5.28
2026-09-09,3M,3.95
2026-09-09,3Y,4.49
2026-09-09,4M,4.06
2026-09-09,5Y,4.61
2026-09-09,6M,4.01
2026-09-09,7Y,4.71
2026-09-10,1.5M,3.93
2026-09-10,10Y,4.95
2026-09-10,1M,3.91
2026-09-10,1Y,4.28
2026-09-10,20Y,5.39
2026-09-10,2M,4.01
2026-09-10,2Y,4.56
2026-09-10,30Y,5.37
2026-09-10,3M,4.00
2026-09-10,3Y,4.63
2026-09-10,4M,4.11
2026-09-10,5Y,4.75
2026-09-10,6M,4.07
2026-09-10,7Y,4.84
2026-09-11,1.5M,3.99
2026-09-11,10Y,4.96
2026-09-11,1M,3.93
2026-09-11,1Y,4.35
2026-09-11,20Y,5.38
2026-09-11,2M,4.05
2026-09-11,2Y,4.63
2026-09-11,30Y,5.35
2026-09-11,3M,4.07
2026-09-11,3Y,4.69
2026-09-11,4M,4.15
2026-09-11,5Y,4.78
2026-09-11,6M,4.12
2026-09-11,7Y,4.87
2026-09-14,1.5M,4.00
2026-09-14,10Y,4.97
2026-09-14,1M,3.94
2026-09-14,1Y,4.37
2026-09-14,20Y,5.37
2026-09-14,2M,4.06
2026-09-14,2Y,4.65
2026-09-14,30Y,5.34
2026-09-14,3M,4.11
2026-09-14,3Y,4.73
2026-09-14,4M,4.18
2026-09-14,5Y,4.80
2026-09-14,6M,4.18
2026-09-14,7Y,4.88
2026-09-15,1.5M,4.00
2026-09-15,10Y,5.00
2026-09-15,1M,3.93
2026-09-15,1Y,4.39
2026-09-15,20Y,5.40
2026-09-15,2M,4.06
2026-09-15,2Y,4.67
2026-09-15,30Y,5.36
2026-09-15,3M,4.11
2026-09-15,3Y,4.76
2026-09-15,4M,4.19
2026-09-15,5Y,4.83
2026-09-15,6M,4.17
2026-09-15,7Y,4.91
2026-09-16,1.5M,4.00
2026-09-16,10Y,5.01
2026-09-16,1M,3.96
2026-09-16,1Y,4.45
2026-09-16,20Y,5.39
2026-09-16,2M,4.07
2026-09-16,2Y,4.74
2026-09-16,30Y,5.35
2026-09-16,3M,4.14
2026-09-16,3Y,4.82
2026-09-16,4M,4.24
2026-09-16,5Y,4.86
2026-09-16,6M,4.22
2026-09-16,7Y,4.94
2026-09-17,1.5M,3.98
2026-09-17,10Y,4.94
2026-09-17,1M,3.97
2026-09-17,1Y,4.40
2026-09-17,20Y,5.32
2026-09-17,2M,4.09
2026-09-17,2Y,4.67
2026-09-17,30Y,5.29
2026-09-17,3M,4.12
2026-09-17,3Y,4.75
2026-09-17,4M,4.23
2026-09-17,5Y,4.78
2026-09-17,6M,4.20
2026-09-17,7Y,4.86
2026-09-18,1.5M,3.98
2026-09-18,10Y,5.01
2026-09-18,1M,3.97
2026-09-18,1Y,4.44
2026-09-18,20Y,5.38
2026-09-18,2M,4.10
2026-09-18,2Y,4.76
2026-09-18,30Y,5.34
2026-09-18,3M,4.14
2026-09-18,3Y,4.83
2026-09-18,4M,4.24
2026-09-18,5Y,4.86
2026-09-18,6M,4.24
2026-09-18,7Y,4.93
2026-09-21,1.5M,4.02
2026-09-21,10Y,4.96
2026-09-21,1M,3.96
2026-09-21,1Y,4.45
2026-09-21,20Y,5.33
2026-09-21,2M,4.10
2026-09-21,2Y,4.76
2026-09-21,30Y,5.29
2026-09-21,3M,4.17
2026-09-21,3Y,4.82
2026-09-21,4M,4.26
2026-09-21,5Y,4.83
2026-09-21,6M,4.27
2026-09-21,7Y,4.89
2026-09-22,1.5M,4.04
2026-09-22,10Y,4.96
2026-09-22,1M,3.97
2026-09-22,1Y,4.43
2026-09-22,20Y,5.33
2026-09-22,2M,4.09
2026-09-22,2Y,4.71
2026-09-22,30Y,5.29
2026-09-22,3M,4.16
2026-09-22,3Y,4.81
2026-09-22,4M,4.26
2026-09-22,5Y,4.83
2026-09-22,6M,4.26
2026-09-22,7Y,4.89
2026-09-23,1.5M,4.07
2026-09-23,10Y,5.11
2026-09-23,1M,3.99
2026-09-23,1Y,4.49
2026-09-23,20Y,5.45
2026-09-23,2M,4.10
2026-09-23,2Y,4.85
2026-09-23,30Y,5.40
2026-09-23,3M,4.19
2026-09-23,3Y,4.97
2026-09-23,4M,4.30
2026-09-23,5Y,4.99
2026-09-23,6M,4.31
2026-09-23,7Y,5.05
2026-09-24,1.5M,4.10
2026-09-24,10Y,5.18
2026-09-24,1M,4.01
2026-09-24,1Y,4.51
2026-09-24,20Y,5.53
2026-09-24,2M,4.18
2026-09-24,2Y,4.87
2026-09-24,30Y,5.47
2026-09-24,3M,4.24
2026-09-24,3Y,4.99
2026-09-24,4M,4.33
2026-09-24,5Y,5.03
2026-09-24,6M,4.34
2026-09-24,7Y,5.10
2026-09-25,1.5M,4.14
2026-09-25,10Y,5.17
2026-09-25,1M,4.04
2026-09-25,1Y,4.50
2026-09-25,20Y,5.54
2026-09-25,2M,4.20
2026-09-25,2Y,4.81
2026-09-25,30Y,5.49
2026-09-25,3M,4.24
2026-09-25,3Y,4.94
2026-09-25,4M,4.32
2026-09-25,5Y,4.98
2026-09-25,6M,4.33
2026-09-25,7Y,5.06
2026-09-28,1.5M,4.14
2026-09-28,10Y,5.24
2026-09-28,1M,4.04
2026-09-28,1Y,4.59
2026-09-28,20Y,5.60
2026-09-28,2M,4.20
2026-09-28,2Y,4.92
2026-09-28,30Y,5.56
2026-09-28,3M,4.28
2026-09-28,3Y,5.01
2026-09-28,4M,4.33
2026-09-28,5Y,5.06
2026-09-28,6M,4.41
2026-09-28,7Y,5.15
2026-09-29,1.5M,4.14
2026-09-29,10Y,5.26
2026-09-29,1M,4.04
2026-09-29,1Y,4.58
2026-09-29,20Y,5.64
2026-09-29,2M,4.18
2026-09-29,2Y,4.89
2026-09-29,30Y,5.59
2026-09-29,3M,4.25
2026-09-29,3Y,4.98
2026-09-29,4M,4.30
2026-09-29,5Y,5.06
2026-09-29,6M,4.36
2026-09-29,7Y,5.16
2026-09-30,1.5M,4.13
2026-09-30,10Y,5.29
2026-09-30,1M,4.02
2026-09-30,1Y,4.54
2026-09-30,20Y,5.68
2026-09-30,2M,4.16
2026-09-30,2Y,4.88
2026-09-30,30Y,5.64
2026-09-30,3M,4.20
2026-09-30,3Y,5.00
2026-09-30,4M,4.29
2026-09-30,5Y,5.09
2026-09-30,6M,4.33
2026-09-30,7Y,5.19
2026-10-01,1.5M,4.10
2026-10-01,10Y,5.24
2026-10-01,1M,4.06
2026-10-01,1Y,4.44
2026-10-01,20Y,5.64
2026-10-01,2M,4.13
2026-10-01,2Y,4.78
2026-10-01,30Y,5.61
2026-10-01,3M,4.17
2026-10-01,3Y,4.91
2026-10-01,4M,4.26
2026-10-01,5Y,5.01
2026-10-01,6M,4.27
2026-10-01,7Y,5.12
2026-10-02,1.5M,4.09
2026-10-02,10Y,5.28
2026-10-02,1M,4.04
2026-10-02,1Y,4.46
2026-10-02,20Y,5.67
2026-10-02,2M,4.11
2026-10-02,2Y,4.83
2026-10-02,30Y,5.63
2026-10-02,3M,4.19
2026-10-02,3Y,4.96
2026-10-02,4M,4.26
2026-10-02,5Y,5.06
2026-10-02,6M,4.27
2026-10-02,7Y,5.17
2026-10-05,1.5M,4.10
2026-10-05,10Y,5.31
2026-10-05,1M,4.05
2026-10-05,1Y,4.47
2026-10-05,20Y,5.70
2026-10-05,2M,4.13
2026-10-05,2Y,4.84
2026-10-05,30Y,5.66
2026-10-05,3M,4.22
2026-10-05,3Y,4.97
2026-10-05,4M,4.27
2026-10-05,5Y,5.06
2026-10-05,6M,4.30
2026-10-05,7Y,5.19
2026-10-06,1.5M,4.12
2026-10-06,10Y,5.27
2026-10-06,1M,4.06
2026-10-06,1Y,4.46
2026-10-06,20Y,5.68
2026-10-06,2M,4.13
2026-10-06,2Y,4.79
2026-10-06,30Y,5.64
2026-10-06,3M,4.21
2026-10-06,3Y,4.88
2026-10-06,4M,4.26
2026-10-06,5Y,5.03
2026-10-06,6M,4.28
2026-10-06,7Y,5.15
2026-10-07,1.5M,4.13
2026-10-07,10Y,5.28
2026-10-07,1M,4.07
2026-10-07,1Y,4.42
2026-10-07,20Y,5.71
2026-10-07,2M,4.14
2026-10-07,2Y,4.77
2026-10-07,30Y,5.67
2026-10-07,3M,4.22
2026-10-07,3Y,4.87
2026-10-07,4M,4.28
2026-10-07,5Y,5.03
2026-10-07,6M,4.28
2026-10-07,7Y,5.15
